x_0,x_1,y
0.04366608967253229,-1.9312704115900137,0
-1.0563986567671966,0.9041960517383,1
1.225239388488562,-0.3974503347777385,0
-0.5015281082591648,1.134966461114307,1
0.1888122775673656,1.1677662928938863,1
1.0889153760330215,-2.300241148734269,0
-1.202300508782112,1.605475595447484,1
-0.47819488518410386,0.8831993012973444,1
-0.6434130300737809,-1.031404137465466,0
0.8534538758640835,-1.8206595843351974,0
-0.5205270531578206,1.7289631483043488,1
-1.004390832587716,-0.6924979060973278,0
-1.6416044848762272,-0.23445981674031646,0
-2.1819502321244117,0.8730822970638906,1
-0.6671529084976358,0.34895230075033945,1
-1.7775431043075356,1.33795422006874,1
-1.16453805918734,0.5715486190228176,0
-0.35737341989119265,0.6387306251769846,1
-0.5687181990651006,0.7713412212392387,1
-1.2261138800442777,1.1616595072840201,1
0.17858102988728813,1.219413685251726,1
0.19589940374298825,0.8056973040087454,1
-0.29560229979704733,-0.2127876805750284,0
0.6081517385728624,-0.22918507605625338,0
-0.9183201020009946,0.8951440989723102,1
-0.2562769768835036,-1.4644485403557914,0
2.321796730756491,-0.834838215735151,0
0.09296363088410922,1.0362325189541883,1
-0.07660659070481306,-0.8860159811629581,0
-0.27815283195640655,-0.8578016953805004,0
-0.6159700609956333,1.4912975180694439,1
-0.7859336196482872,-0.6557456298123518,0
-0.8671528028096096,1.1644058537872635,1
0.2515183703758224,1.5959415943144302,1
-0.8703011841243997,1.2485972820219629,1
-0.12153304800740597,0.6555622875033513,1
-1.1108946165168923,1.307999306198437,1
0.22861434489042254,1.434648322233054,1
-1.7108190119576194,1.1638851669752523,1
-0.40514574147426624,0.5825230599987052,1
-0.1139939407739374,-1.0321742111769465,0
-0.2790715355259922,-2.4176542004564423,0
-1.9066793014566075,-1.0693768446216396,0
-1.3441473110080107,0.641961255114976,1
2.1265078621306404,0.9495963423727877,1
-1.490940927752423,0.665065064003272,1
-0.8473093856693953,-1.4455523657516387,0
0.2594364435640707,-1.1100001818886815,0
-1.93356430754996,-0.9872262112608906,0
-1.351421236745611,-1.9206464343253233,0
1.213693855183204,1.3190105634127667,1
4.21631787436021,-1.4736068680852554,0
-0.3571521781354829,-1.0473851550265083,0
-0.10031855296259756,0.8083642876704087,1
0.17584059780668154,0.8579646024615918,1
0.07104535198458048,-0.21429175352628405,0
-0.9384386628624215,1.3302882220210983,1
0.20825531035761946,-0.8866852229831451,0
-1.1420443670152385,-1.1752807562336676,0
-0.6773128095685149,-0.6199099568211743,0
1.169521879201474,0.5307716552869142,1
0.8599132221204895,-1.457089955469383,0
-1.230766043696116,-1.5382922137699997,0
0.15361381836652385,-0.9429786256298095,0
0.9789226674417204,-1.0283405628339317,0
-0.2646166613025218,1.0682252754757375,1
0.7452686101784214,-1.4295554582330807,0
-0.6527582148010248,1.0707108221762869,1
-0.2829306891048509,-0.27332989546015585,0
0.22883079352851474,0.42085263091645686,0
-0.9311025500594841,0.3876542888404113,0
0.9076189867422005,-0.8049290725141777,0
1.7215001215477945,-1.4776006849369074,0
-0.9882800574450309,0.5460145435995136,1
0.45788216456320685,1.376251328417497,1
-0.6531610441747154,-0.6442798270211649,0
-1.4358192669184238,-2.4255838684225486,0
0.6614688383595331,1.0944492847587532,1
-0.696291666752603,1.179082921396945,1
0.4220792233231083,-0.6202682116661486,0
-0.11661770656467406,0.9602704738139874,1
-0.10347962259782631,-1.2962591054649046,0
0.0902675420011429,-0.8758772362780907,0
0.6307835272590105,0.6133428286552944,1
0.760857322158356,1.181489322823512,1
-1.1512131756357544,0.9668471520553316,1
-1.1542901859042045,-1.3261433402000171,0
1.2685271768649122,-0.7091944099344321,0
0.6657986834478941,0.3492154385088597,1
1.7832327646081392,0.10646561664017495,1
-1.111320721827826,0.7820559669833422,1
1.0280811802774308,1.932013804839209,1
0.03502694878717317,-0.7469995164711747,0
-1.3665865010590856,-1.59831274612266,0
-1.1212480185022922,0.8582241610146586,1
-1.0630497300364572,0.8942547167053981,1
-0.6003139564621506,0.7267764218697634,1
1.0141933303374489,0.6293258149747354,1
0.053589000487122826,0.548863450208281,1
-0.6839538549848058,-0.7715400922100134,0
1.8904634362147927,0.47738128125364876,1
-2.5820776113380584,0.6239663041775658,1
0.10217411420807737,-1.5873288932387006,0
0.9701067897074691,0.7257343606778985,1
2.0127728594324155,1.1811808010637335,1
-1.0927656356820477,-1.0111314155605315,0
-0.7613986219663172,0.7179096243408184,1
0.12993702965653883,0.7805500387940488,1
-1.2142697953217112,1.2178672669651256,1
-0.20679487818828565,-1.9491135026619673,0
-0.31613974960856084,-1.6224930450841195,0
0.8357175460397933,-1.9024598299301334,0
2.8715878457267467,0.9223264200974639,1
-1.2328571414062852,-0.6052969749341457,0
-0.10906053758039463,0.3529031198653467,1
-1.0127533980927006,0.8726840812829559,1
-0.5431658860993511,-0.19306331174987734,0
0.3215442122549567,0.9749787563910721,1
0.24891267739311618,-0.6461221568110922,0
-0.4450642906431619,0.49368180533477923,1
0.4993211809825512,1.7158579479329523,1
-0.385453308567305,1.3323872026749277,1
-0.8928632066674764,-1.204915969156145,0
-1.266072706175233,1.1025021489235984,1
-1.1464947564967465,1.6039501476792046,1
-0.5873050267430441,0.7848455261534197,1
-0.5517682885838424,-1.1927190599989037,0
-2.552560847018397,-2.0183456655870624,0
-1.3459900509093181,1.2925144011284675,1
-0.4009546154800776,1.3617631462270257,1
0.47150722890200125,-1.2718428171289031,0
0.6473050954391893,-0.15127345268047576,0
-0.9319656303876966,1.101446025384605,1
0.20875926527059704,-0.7934207501278263,0
1.3759464890631006,1.4436311202168801,1
-1.9820168849298014,-0.859321324493987,0
0.10895086070117778,-1.5865911968164719,0
0.5260423887082539,-1.2915231616036795,0
0.5419426980213605,0.6017133872646825,1
-0.285903367843447,1.2747966387035374,1
0.3404229114386978,0.3335701761168298,1
0.04530335344705548,0.5348656653360535,1
0.4235057599801534,0.6353774502368321,1
-1.2492501672676353,1.1083393108137152,1
-1.0743629092246156,1.6020868957687984,1
-0.4145448562853781,0.7284573371948444,1
-0.890170831412451,0.9305078238918727,1
-0.6032488805069128,-1.6061379005095668,0
-2.6034907252373714,1.287650354883503,1
0.4981576410139103,0.6993284325127884,1
-0.5439224821092133,1.6556274120588403,1
0.5465809722290181,0.3976041908908772,1
-0.9707249806954674,-0.3020947281062062,0
0.2347886359202958,-0.10031332040679486,0
-0.45072474064861245,-1.8015295457362182,0
-0.6785798787211426,-0.9153061804735579,0
1.1641367281488035,0.36912863928759176,1
0.2050771026651826,-0.38804093937450346,0
-0.8083523269002575,0.5863499688294223,1
-1.6347257975237057,-0.48159673579089335,0
-1.524938099990198,-1.9317537639548488,0
-0.19028482677141934,0.7200947449609578,1
0.4660003763973086,-2.2745747862704966,0
0.5638719707909402,-1.2238102806882378,0
-0.4556667267421964,0.7328795901555271,1
0.05428251946073496,1.760258710990549,1
1.191822006661692,-0.7171771231942226,0
0.14871487844053394,-0.697266623765239,0
-1.6060022509250766,0.6116463992721178,1
-0.7261419101455774,-0.2844216466307249,0
0.08846677741841753,1.0678960580799526,1
0.22109179902849765,1.1916202510358327,1
0.966132620880725,-0.9475881226364109,0
0.1596185476740981,0.7788795214526179,1
1.5342415301817929,1.4628435369787525,1
0.8317458850671489,-0.4581329214527049,0
1.4454617660505826,0.7277954333435211,1
1.0976051913437301,1.4450499079415535,1
-1.127414155066225,-0.35591914170892625,0
0.508869935719946,0.9042741613325767,1
-0.613112999571217,-0.9529204827671287,0
0.24711587538288043,-0.5458080410694964,0
0.8164398866084496,0.7805738167503524,1
-0.8227602490249015,0.586234914663482,1
-0.5055326071833972,-0.968186650881341,0
-1.1813948742726268,0.0925826515379562,0
0.4358276938303094,-0.8865433055161599,0
0.9771762322090394,0.9137330558161068,1
1.4434137875839663,-0.7650853903615038,0
-0.09818760264999324,-1.451316350302727,0
-0.8754346378173407,0.14638923661743397,0
0.5155517054825073,0.5139311931983308,1
0.20871844534594608,-1.678841350786909,0
-0.5555538331482386,-0.08124316922561226,0
0.5058439924326597,-1.803760686151117,0
0.955796417795609,1.3506684070077504,1
-0.24631346891371234,-1.5724385097445555,0
0.15198026979355103,1.1479153359894751,1
-1.3231237506568843,1.1326960080817718,1
0.6435902558643369,-0.5896690037928203,0
1.8396554892241133,0.7345246589562833,1
1.1032580068449451,1.3746100312536176,1
0.08643171911029932,-0.4268145405699345,0
0.2881861041905315,-1.0685947160608231,0
-1.5279609563968595,-1.0557008020605847,0
0.01901768118264976,1.519495060944191,1
-0.5392426261080235,0.13998057619705162,1
-0.033617154101022215,0.7256067944765936,1
-2.2905308998744496,-0.7184319515172275,0
-0.8104699625970325,-1.1307301048843923,0
-0.12278617712715532,-1.3490310267648242,0
-1.9943393992872982,0.9900953713907075,1
0.5803783709164829,1.1368001047612901,1
-0.34707060712525256,0.4131576910813548,1
0.5607418579982295,0.7967392205385455,1
-0.13539127400948128,-0.766529617248755,0
1.6871180300491961,-0.9594473269547004,0
0.09115370468851516,0.8389708786479451,1
2.3017493899770796,-0.6456577686248306,0
0.11558380091523075,0.8327261916165255,1
-0.9889772450618463,-0.3866411162393443,0
-0.4583058919955905,-0.6941789486585581,0
-1.4317498326727178,1.2795822739751417,1
0.8894801897562506,0.8856659150392348,1
-0.8021298889118036,-1.2679835504590906,0
-0.2171205509913627,1.3325410574180974,1
0.571291001257528,0.5942329129716415,1
0.6913177187848943,1.1023828699405187,1
-1.0342081259570353,-1.1727763477604989,0
-0.217685436931345,-0.6439741856694974,0
-0.6248698070338653,0.7455199989776242,1
-0.11195924015217626,-1.344125961652271,0
-0.5318028749999488,1.2807245976940267,1
0.7913836505656587,0.6682265063534872,1
-0.45601782072833713,1.778706841444465,1
-0.5430309023682116,0.2414539845938687,1
-0.20032186406668345,1.295753488348831,1
0.36658921628975155,-1.951821066174574,0
-0.9871456540995873,-1.1057499002839106,0
0.146627624022137,-0.47699127116296747,0
-1.6432926668360228,0.337004660156518,0
1.4900144106936826,-2.233692082438367,0
-1.1421163176589009,0.8700524967019959,1
0.3953266900704212,-1.5112312405542108,0
-1.714820427242723,0.8961130647276904,1
-1.003245522848123,-0.4221954502331954,0
-0.2568157831315079,1.5355027158493062,1
2.1292178188754822,1.1311727899869939,1
0.21999072794103347,0.8583717533436698,1
-1.4850157979554877,-1.937123667050453,0
-0.6026453092627577,-0.49289904429479725,0
0.7260274355157162,-0.9533637136603151,0
-1.2496567417299016,-0.8392707751067011,0
-0.6388208702426865,1.308182282022523,1
0.08023890784978804,1.2336009199181628,1
0.40891750126331466,-0.43918498626940994,0
-1.1792225448595262,-1.1527422787001764,0
0.18947644508512568,-0.8508257294881744,0
1.0115145796250875,-1.0490001299955796,0
2.3291189813776936,1.1431435556746081,1
-1.376073044954309,-1.2359779550852172,0
0.0679685420184123,-1.700020376638916,0
0.2874985628663657,0.33038968855435114,1
0.2701774680863746,0.9611404332317257,1
-0.9005788627233424,-1.3928957241167816,0
1.2946092398670006,2.0365525481960285,1
0.8475055412067412,-0.8020776510049702,0
0.1561618922134347,-0.6445005818944224,0
-1.1260946860698426,1.094076139502466,1
1.4660987118182809,-0.9002223196558053,0
0.1460821631740061,1.3882245992780593,1
0.013193848748811882,-0.3187663397099134,0
0.46950536166504364,-0.9945420965058988,0
-0.5368508362083313,1.0022602986329134,1
1.7976832734809516,-0.9208517469407372,0
0.04018127635916975,-2.1636753804914757,0
0.581802788320127,0.9842630053704731,1
-0.39662840419699846,-1.4513213506457945,0
1.1898093276417807,-1.3713052922284497,0
0.05823234912474166,-0.933816570676651,0
-0.8609697340876952,0.6771301760917278,1
-1.5352669413635924,0.008898180354864005,0
0.24082806083251432,1.6126777825303489,1
-2.1381779084562273,-2.0205132922490523,0
0.42439708341541266,-0.9261974627805986,0
1.4260670891446845,1.4076117256398777,1
-0.7309487432438595,-1.452177705993737,0
-1.0442939751310985,1.0953034641618828,1
-0.5012297087955145,-0.42539946156834985,0
-0.7508175260976266,-1.5904381290596161,0
-0.19150480222659216,-1.272693158220893,0
-0.4920347352637707,0.5321251841828638,1
-0.8524200774885463,-0.5066200728838259,0
0.46944799838594525,-1.6605567964605599,0
-1.7699930789157714,-0.9391875565937985,0
-0.07096853470781891,0.5620793627250371,1
1.7545083309837761,1.0402458372199723,1
0.8044781052763536,-2.1299787812063418,0
-0.21560600653002704,-1.9072721885441428,0
2.0138989105481206,1.0302427878916491,1
1.7421112748114298,0.9740977665943082,1
0.13192072754917847,-1.1751907210703165,0
0.0063607150471575264,1.138841874448587,1
-1.016301296139827,0.655876278633633,1
0.9225599526091628,-1.5877612820993348,0
0.5969421035430794,-0.6920072459306094,0
-0.5713004669768894,-1.1143812553433516,0
2.009702751349252,-2.2915727790253264,0
1.0323673094923909,-0.9751090952108664,0
0.6591719408537248,0.761363613102954,1
0.591437578668136,-2.21744393119274,0
0.09953800605879591,0.6959273357386534,1
0.37186538243845063,0.989157083289477,1
-1.2911294288470532,-1.2299147536107493,0
-1.7426449493530565,-1.3628194701530105,0
0.2558710163300217,1.0680686256020033,1
1.4319556749087852,1.4790335475312815,1
-0.3652300918162747,-0.46486237134706676,0
-0.7068068330104753,-0.44933576227034555,0
1.277347005125437,1.3077705761383627,1
0.9442835474841625,1.2613391371546165,1
-0.09859868584522481,1.4058481546651513,1
-1.4601112920408577,0.4617503319613627,1
-0.7310940888657855,-0.2064167734157032,0
1.4114313113416816,-0.8791917261855898,0
2.230887178851801,1.4982479482429416,1
-0.8086300389553541,-0.39717939406989655,0
0.48182059381747516,-1.7416013512917141,0
-0.8903649854414446,1.3782170589528453,1
-1.0869224141420788,1.878357338167255,1
-0.983030887667173,1.3415811036465497,1
-0.6775252868638622,0.23875392500467674,1
2.155385674062189,-1.3111247313400627,0
0.877008231340823,0.7886558369796256,1
1.0494750841382934,0.8193339877046697,1
-1.4570255047380491,-0.39076008158327535,0
1.6507268038720095,1.2617289663125633,1
0.88285205405795,1.62331104585127,1
-0.8160263966454143,-0.330902842610322,0
-0.973004560470944,0.9324497654836998,1
-0.14212533965780366,1.0557054498544978,1
-0.30447032205409535,0.6980373575475498,1
0.13876301733668947,-1.006317219830232,0
-1.069605393030112,0.6940128454030183,1
0.5330159905528534,-0.6815178518980871,0
0.6867949748289669,1.048090833063791,1
-1.841888590369971,0.8020611338641119,1
0.15162395190855688,-0.7816600163872192,0
0.3729099077133939,-1.5156892591068822,0
-0.40578899549577446,1.285990980760614,1
-0.5243494138573024,-0.44391940293546506,0
1.2506021928448974,-2.3233944205642363,0
-0.6308021609773449,0.2999549104986148,1
0.8965480426502151,-1.4187023282206914,0
0.374635895118346,-0.47186063651247057,0
1.0094105025847422,0.9609422678398352,1
0.7260043554262136,1.1885650295293109,1
0.5681554666845964,-2.1604235336623514,0
0.8083214700325361,1.4568317624138991,1
0.6133251373504404,-0.21590847968668336,0
0.9703798291195304,1.0711789707430692,1
0.3189034922447116,-1.281731717298228,0
2.642257768359806,0.298646859192672,1
0.13040049379186902,0.8410641493128959,1
-1.4145480612709536,2.1263788340961023,1
1.1855651231147313,1.1646186266840939,1
0.9345584043006399,0.8401379615830381,1
0.004965641865215438,-0.6223564789290301,0
1.3007940399673794,-1.0294826870986205,0
-1.335901704759946,-0.25279932338413347,0
-0.7996537515383688,-1.0850922717941969,0
0.03420429138891116,0.48801802395614124,1
-1.330609772141335,1.0244043710332815,1
-1.0718867593658485,0.1497352892569208,0
0.10590431263723976,-0.9358975910413756,0
-0.11032677449066891,1.4888087001631938,0
-0.22095347211407113,-1.3511470393126777,0
0.7949221140987961,-1.8596603135557643,0
-1.1609869715753631,0.4910339364053119,1
-1.2472635591265946,-1.0984585992590437,0
0.029538512134099783,-1.247746901415332,0
-0.468538705337231,1.024395424950676,1
-1.953191403006568,1.1017843826986833,1
-0.36320938778255557,-0.8625480252051188,0
-0.26686822225086915,1.0692278579001333,1
0.12026086343471086,-1.4385718615066696,0
-0.4703878846562024,-1.893191967942633,0
-0.24068596915211626,1.0962072445991502,1
-0.6018536067858572,-1.0932340627008401,0
0.45632342564542905,-0.9335065900173577,0
0.19498545511640045,-1.5566876912733238,0
0.3403394085111367,-0.461325098891075,0
0.006914075327040016,1.0814534277737498,1
1.2147880483295168,0.5884655842382907,1
1.0623940186936074,0.6965401113433747,1
0.7476792373039295,1.1621166823276596,1
0.2170516265044468,0.6905757752737437,1
-1.280377596383982,1.3368641722492796,1
-0.5682893077710173,-1.4747047265598163,0
-1.4950498504489793,-0.6614531679768383,0
0.5220647637733377,-0.3525070629738225,0
0.8883942898122458,-1.2280752820168286,0
-2.1736321420737297,-0.7981869327667979,0
0.2336964948072396,-2.2964481875067895,0
1.5668156469978278,-0.5373589661672898,0
1.0078136330682266,-1.3012075120045545,0
-0.7316822762833908,1.1999410132039836,1
-1.452473703345575,-2.5772725029155996,0
-0.031131184343271712,-0.8055817387927033,0
-0.6368636286678648,1.165543703084476,1
0.04107253483810255,-0.6420068776495107,0
0.5609530925477175,1.284553375477968,1
-0.41286336224353265,0.7617964077951839,1
1.8477308929080642,1.004077905551437,1
-0.07958422561729654,0.7030006689250811,1
-0.03850142029368915,0.3308501320788527,1
1.504870641366314,-0.6390676015987993,0
0.8438264884371812,0.3220589631758739,1
-0.6138681847635016,-0.8476281436115958,0
-0.11682350714066514,1.9451750285140497,1
-0.9479938881849073,1.2454076555176596,1
-0.5859075925549583,-0.01328863428286775,0
1.6201920344392355,-0.8155646212516279,0
-0.7728655872830564,0.794981154286213,1
0.4455865900838496,-0.9451452387713597,0
-1.0502590762076442,-1.6740998493916022,0
0.7085507425111017,1.120361193264474,1
0.010929751400733654,-0.7536287901656156,0
0.559616401132788,0.4322268010213749,1
1.8725550243344005,-0.11638138443493795,1
0.45879303651651,-0.8774570611325048,0
-0.28585599273001255,0.6701268148396227,1
0.40818903828574576,0.5314368437812826,1
1.5948806599881056,1.4798156748680251,1
0.24845495009585458,-1.1683689234717072,0
1.072229629801885,0.6607563740006791,1
0.49603539193377405,1.3284860696625826,1
0.6636136654682855,1.06468276370019,1
0.9960234681816053,1.0697309638742742,1
1.6851200188760909,-0.4046990021273198,0
0.5855902045859697,0.8559476943905823,1
-0.42562463685077817,0.3407464302751897,1
-0.9703215140421084,-0.8737375567221468,0
-0.9944025392408602,0.1611365183766208,1
0.12751823105823576,-1.586836931931124,0
-0.7656161667002699,0.8320770776962937,1
-0.7399332227966517,1.6731258637080304,1
0.24785605531839464,-1.7791407877686622,0
-0.66014866321371,-2.0567501631474174,0
-0.06428628581594682,-1.2985274434872627,0
1.4466451616534084,-1.4289726683640263,0
-0.9459303539086719,-0.0787997916958787,0
0.4389556170479484,-0.7108866945559829,0
-1.3649291941780894,-1.5238300783591487,0
1.2685578841084837,1.3548239984196002,1
-0.7589699069808176,-1.0723257372254473,0
0.8731930105904728,1.1269060322392819,1
-0.9763622701010006,-0.195493920674631,0
1.5800716632090623,-2.179270620678215,0
0.1862393076706507,-1.533446579000769,0
0.7996758310234243,-1.0784373496218125,0
-2.3616003289919427,0.3333155706603167,1
-2.1528447891215805,0.7072651036492014,1
-1.110070365025422,1.2728408649219047,1
-1.2690622504309752,-0.8892093453596842,0
-0.9425130649934156,1.0718359318713018,1
0.12034249600599137,-1.2670065246527864,0
-0.3165795190704553,-0.8187302120436744,0
0.13951308975760168,1.2728009474036517,1
-0.19222733083091442,-1.1191758675162504,0
1.0094027181072962,1.1565835954094683,1
0.20082108403436233,1.4061026342624956,1
1.068021079441733,-1.8052467680734618,0
0.06631403237595368,-0.47497652244259436,0
-0.4664001279547324,-0.8529428569474946,0
-0.8867051510678614,-1.1238337683889967,0
-1.3352674996224634,-0.3330475313608894,0
-0.48909951741247315,0.3560568828435242,1
0.22047723927819665,1.3224967910565821,1
1.2848961545079214,-1.5898447659382973,0
0.8225288587081432,-0.07602813579185719,0
-0.34632288526043264,-0.9336748934124006,0
-0.07665811623316789,0.7472891876300525,1
0.5553299583110999,-0.3631513684062819,0
-1.486841047250737,0.7253308499699294,1
0.8303978440683549,-0.4180195182423224,0
-0.9862875353461731,0.8434787459990015,1
0.6026954274274886,1.4032869224678262,1
0.01042605521497054,-0.23109884386860802,0
-0.29583958031254765,-1.0269017912887908,0
0.3619268455957457,-0.5448384350225957,0
0.7525054822266855,1.2916800864414708,1
1.3260106401946383,1.1678438548300665,1
0.09227128123975914,1.1557331533967117,1
-0.452251700701924,1.2176131506865455,1
-0.6088730427719381,-0.7533146037568408,0
1.6223012963835595,1.642651965903031,1
1.0359380461388719,-1.1064663879447756,0
-1.5393243559209284,-1.3644303780299507,0
0.8355260057867195,0.9588100250719853,1
-0.6322981242098481,1.025761707374971,1
0.26373260597873355,-1.312174446809483,0
1.2156818838406616,1.9228847206030697,1
-0.6716891451544436,-0.6610649785579457,0
1.084020915869873,1.082994972893204,1
-0.8541415365561097,0.15829940416768107,1
0.7537717138111353,0.617882121306468,1
0.23482837376340074,-0.7969844621267786,0
1.0628908483896695,-0.7695229971532013,0
0.8223394863110993,0.9745110107492756,1
1.8906333549035519,-0.7660725625717741,0
0.9717771442547054,-1.3584571536973329,0
0.31174307327815065,1.6365597457548362,1
-1.374106051594049,0.6458489619073666,1
-1.111699715163717,1.2373787989895508,1
1.0729440626659092,0.5264824590042478,1
-1.2272103128540863,0.6155789196206913,1
-0.2525527466897257,0.968457187513749,1
0.1906021723782967,1.8188007765269614,1
0.46994063268437697,-0.6268569549151779,0
1.586121601760697,1.0246686600478454,1
-1.5971512435820552,-1.3883404930262329,0
-0.2024118708575544,1.295003682957496,1
1.1276339907619628,1.2840031779163439,1
-0.91338148432434,0.36192800311126405,1
1.094613102680636,0.7648899709577879,1
-1.4660009621571772,-1.022528311633893,0
0.7495716833566198,-0.7560870958536676,0
-0.48495922621058407,-1.3243133158215286,0
0.7718933364153027,-1.292607103733702,0
-0.727779307430549,0.6749599072544807,1
-0.2726689979481589,-0.016142398476220232,0
1.783740000082792,-2.116789088537243,0
0.7313802315068778,0.9382200133448102,1
-0.8137356440523743,0.9088360787150448,1
-1.0405251493250363,-1.1153780239450968,0
0.9205610096409393,-0.8078287365361166,0
0.7557134782553125,-0.8034387810763617,0
-0.5375362616921868,0.7174379180118537,1
-0.7906514283215319,0.4395098874024823,1
1.2237166024906292,-1.2942141019559115,0
0.6034975810173272,0.3821619531408901,1
0.12887275169899767,0.8480031857132012,1
0.44434854069212404,0.8697999820745388,1
0.6245015686941107,-0.44358796384111,0
0.7310405361792001,-0.35111580708971,0
0.514575400055939,-1.5248725570352715,0
-0.3244389708468504,-0.7962358200456643,0
0.4167397203322955,0.6778528523112474,1
0.09327081030664058,1.0160281626356307,1
-0.43172661394988276,1.107468669026147,1
-0.6870129459033361,-1.2465642427481052,0
0.6342631006667075,1.120644709419035,1
-0.27531820334830465,0.938500847547464,1
-1.698885781586053,-0.8402460340162432,0
0.6255120725049107,0.9852542720209181,1
-0.7371670002083085,1.1066851766415788,1
-1.1301848107763326,0.2493614717510515,1
-0.703456967511871,1.1361298847898946,1
-0.33127462823876513,-0.9893722386573348,0
-1.362675187051938,-1.3051073229246082,0
-0.9548439432698854,1.0310860333177692,1
0.06173808568581855,0.9984022255264721,1
-1.4735828414001149,1.0302065215442604,1
0.5408281299327904,-0.6887079083524705,0
1.7523750369033009,-0.9691059778468898,0
0.5542658248867711,0.7349021866906984,1
0.17684762822995925,-0.9303708208461299,0
-0.6250982604533034,-0.8504119716121412,0
1.1049888163165513,1.064122746901943,1
-0.6978044095136842,-0.9561842821879878,0
-0.3641414424596206,-1.366872187431312,0
1.1814640008002364,-0.4720362349112688,0
-0.7771517378167204,-1.1972363260467669,0
1.5425815883410434,1.2216395879708055,1
0.724531173897531,-0.2959610740832389,0
2.5772485668916936,-1.151170380734286,0
-0.15272992841959737,0.9770110365272161,1
-1.2506279229388897,0.37499999517510774,0
-0.75746881826673,1.48751493752652,1
-0.4100225751717667,-0.1523271099169271,0
-1.6867441689384792,-0.5568179491521311,0
0.5277488190554809,-1.208506138982417,0
-1.4873354237687482,-0.8790912804360238,0
0.5603997525639743,1.1645875752537524,1
0.6426310208648116,-1.7823844281228727,0
-0.3277862581806094,2.103124421893488,1
0.7434556919257267,-0.8783642233126294,0
-0.46200064151350984,-0.8852772224025315,0
-0.3651739801413045,-1.0175322079289544,0
0.4533764384255086,0.6065439168552016,1
0.9805104683804752,-1.5219381181019846,0
-0.5071321952605232,0.45137571796067144,1
-0.28658627128799474,-0.6860490829394532,0
0.3177796960921629,0.6040316651186179,1
-1.6588605238196683,0.7880757724310428,1
0.08312087950795978,0.48937670578430836,1
-0.8122581582745269,1.0403014836675177,1
-1.4761785289860219,0.8522659208458253,1
-0.4316808757627176,0.6874393517993285,1
-0.2651662240927257,1.017981540387571,1
-0.08566362219487926,-1.1859235058593849,0
0.4026358202787658,0.914454663352673,1
-0.44668769485558896,-1.039634795223281,0
0.743586482215165,1.0858218887442306,1
0.15831782960967847,0.2436257844072106,1
-0.31003299124304795,-1.4403253554370963,0
-0.17012559484485154,1.028905008217996,1
-0.5880294600465127,-1.2824390664733856,0
0.7022526615690817,0.6463720171067179,1
-0.753314525394496,0.9951679480519394,1
0.9449285790282872,-1.2771473677377294,0
0.32548831399001116,-0.5039796731172648,0
-0.9818285064199935,0.31855949548182494,1
-1.1519640249590184,-0.590684817910567,0
0.1738205199493866,1.4530062351714128,1
-0.10532054255082425,-0.6773265848790821,0
0.6548140991457969,-1.22382388645382,0
-0.9904213171187324,1.2048934717789348,1
1.0462641627514666,1.4040408354718767,1
-1.4970469809479887,-1.9586148907541983,0
-0.402355818404189,0.9802070670185438,1
-0.47439416505992477,-0.9438207954260954,0
-1.958141311778,-0.5529615292894587,0
-2.509751863127922,-0.9711796412814433,0
-1.4383753995770274,0.8746368304022528,1
0.8081081079715171,-1.2078866955400023,0
0.7842580668490817,-1.2478610230556195,0
1.3084355624934807,1.8495705619709573,1
-0.11115127740669792,0.10962095136724626,1
-0.022485529762310316,0.07702925666263294,1
2.060534102670052,0.8469513152275261,1
0.3193795829995676,0.49447217061879123,1
0.1978484560205004,0.8573725944655408,1
1.1134537369881865,-0.9885500591906645,0
1.0375677598051505,-1.2649170588966578,0
0.3082340117685995,-0.5426359950609487,0
-0.1349966199782581,1.529001430068972,1
-0.17898384434384246,-1.250892537926728,0
-1.4345220865449897,0.994140885938722,1
0.12669332596208804,-1.6963786803254552,0
0.17097798686973453,0.48618057463692166,1
1.2628073232671442,-0.5615818462721636,0
-0.5628640264993734,-0.7186858339906688,0
0.3582579797685743,-0.8509563074380608,0
-1.1359361982847571,0.6344983360588042,1
0.9535402473477942,-1.9267174345552225,0
0.863603858833284,-1.2289033011127848,0
0.8268464108010455,-1.4717908336519885,0
0.4370217118542029,0.8464438887880703,1
0.906999476064184,1.4954419503988448,1
1.410271276832486,0.5947326422052251,1
1.5596864790647444,2.194610674522755,1
0.6718370518488688,1.1117743812337573,1
-0.4875539010303351,0.9622641477731763,1
-0.5712222413910308,1.348518460283255,1
1.777897580224196,0.4494528949954062,1
-2.141196908145843,-0.6133734989533641,0
1.6964968833050111,1.3457678258806642,1
-0.6128366098668587,1.0805126529661158,1
0.1296921066636908,-2.184970021172099,0
0.3145451078108145,1.8427756022177924,1
0.2506715681534776,-0.8624068479338561,0
0.2946161740169636,1.2957305249002826,1
-1.4166986295740926,1.1799664079581624,1
0.16699559842622824,0.6153088083900582,1
0.8015685193491577,-1.0525107986157833,0
0.2966851632689372,1.3282881106880986,1
-0.7342889736377524,0.8763699029452715,1
0.5603580801990096,-1.7693392278925115,0
1.1095751873563038,0.6812133330607089,0
-0.4136466113330745,-0.16017711608482177,0
1.0206876389610957,1.3632077612284397,1
-1.5942966364121998,-1.297335795332352,0
-2.0417322407631433,-0.5934591379032516,0
0.47190921712623285,0.8687128186129416,1
-1.1361311048747273,-1.1314246420608658,0
0.18055306583211517,1.461839851771807,1
0.21536526469056802,-0.11665463922404284,0
-1.4889762736857668,-1.5659136012004597,0
-0.6642783000556151,1.0388876292036013,1
-0.45192535798395894,-1.2750268786010837,0
0.13405201402076744,-2.0588293534795326,0
-0.38334964968319996,1.0725962463803562,1
0.11017896478190634,-1.4822631855793047,0
1.8267295598647193,-0.2841204025819595,0
0.259362675965224,0.8894310652958086,1
-0.6740643358013992,-1.8836266681390241,0
0.4061572271946286,1.2016979499997398,1
-0.5244579915107447,-1.450657665996001,0
-1.2091965620638039,-0.9486945512007434,0
0.3675902894796515,-1.129595677638147,0
-0.24427490459351758,-0.7442665405015207,0
-1.1995934954635827,-0.1741933670009499,0
0.6289175958157732,-0.7177344261798283,0
1.182528202518394,1.1371473617574357,1
0.3906336276870322,0.5456703003503685,1
-0.18893693020538432,1.1425595548305607,1
-1.3244886455358076,-1.5449973292558272,0
1.050063178118096,-0.6918146699306067,0
-0.009789044972978896,-1.2771172944735056,0
0.467241234911914,0.5116436087899456,1
0.5805083233686006,1.5281830691314724,1
-0.36415204181131716,-0.368497824629869,0
-0.010424615056896354,0.8357717671238128,1
-0.5167994077168967,-1.6361872625684195,0
0.03228405607460953,-0.8010125789540524,0
0.06749583443175232,-0.8272874169156464,0
-0.2649800941322251,1.2354533139932447,1
0.4246339670468999,1.2020359026540697,1
0.6811681620182335,1.2012218127874965,1
0.005983616339291019,1.0260725205709957,1
1.298774869163951,0.5424146065185228,1
1.3242489028299798,-1.1715477665096277,0
0.8513653557161398,1.188878458944368,1
0.7263872275766234,0.711597383502959,1
1.5720449558997125,1.5579762554800043,1
0.6085177500317455,0.6222287858133595,1
-0.7224640996952066,-1.582719476609157,0
-1.1248749276327266,-1.2256079567392608,0
0.010685310038352951,-1.8431279032368326,0
0.41507042137431793,1.037924514931416,1
-0.3206754132451104,-1.3688211307514024,0
0.8260244172493693,1.3944434159051275,1
0.19170515690372106,-1.376343897130539,0
1.13676751488903,0.02875942103598439,1
0.6210864436571368,-0.8039725005168126,0
0.476865755092575,-0.736995490902831,0
-0.44981675749211275,1.4545436831160903,1
-0.7157861393077011,1.189232615047168,1
0.1428712531897809,0.942947005440687,1
-0.43742947364034024,0.7001937951541564,1
-1.2578155101897077,-0.4310367305047388,0
0.31734495138712404,-1.6503262516624566,0
0.7345606493552125,1.64550935146211,1
0.10566164383286543,-2.153456440030688,0
1.0349042714449632,-0.7765374275024084,0
0.6430034954175894,0.918736813666295,1
-1.2545913999733689,1.5951442888521812,1
0.6450859274677954,-0.18057431095526877,0
0.12167557781801541,-0.9237857228408255,0
0.5314705810646952,0.45568645667601815,1
1.8881187634964112,1.1839524263603716,1
0.5868705707816255,0.6522037001131723,1
0.4485658906299031,0.8377796115797186,1
1.2134323395753748,0.9508238313643808,1
-0.2782613076482842,-1.404372432748245,0
1.1025330822658903,-1.067011476859103,0
0.7825554737279518,-0.3602648520093473,0
0.3444509654819592,1.1165688894705987,1
-2.023701462040318,1.4393329237644834,1
-1.0576267992263806,-0.3125471148292387,0
-1.5419175024654905,-1.657957963527046,0
-1.8717956209059834,-0.47475185770045447,0
0.6114899204714751,-2.175737904752843,0
-0.6455705458802001,-1.1363724106840685,0
0.32857042918090784,0.576785063005231,1
0.17989786975612748,0.9547521494375698,1
1.0423197915173006,1.3389101102129535,1
1.1987416912602598,-1.0732870437022675,0
0.26397714516194803,0.852319883049016,1
-0.5191100949070013,1.2758852643699528,1
-1.4263158884505005,1.060893806222676,1
-0.19104546317725124,-1.9736241120537352,0
0.9392316277756152,-0.502641482589785,0
-0.41147372681590766,0.9571488582944192,1
0.07577062515494573,0.757626181165124,1
-0.8755812569660665,2.209819793860505,1
1.742286414821636,0.07342038540726903,0
-0.16189463524570394,-1.0412372388062352,0
0.2875556466208924,0.3586293734955226,1
-0.34418365166122583,-1.8401058932881416,0
1.8323541288803038,-0.964999656493422,0
-0.34577691729800725,1.2778823360352516,1
-0.7653292662498363,-0.5783689613997307,0
-1.2819785673280202,-0.9732052904179204,0
1.160889410802059,0.6313737484606876,1
-1.278265652121616,-1.8714807885553832,1
1.5079829563333098,-0.7671003058352407,0
1.380007615728861,-0.9000184582458121,0
0.8314457052622481,0.8839094281634742,1
-0.9256338169905991,0.90666712016921,1
-1.1874650079738127,0.8561540674418014,1
-1.6418165078424845,0.9548064992241094,1
0.9318871985936746,-0.3439422182851607,0
-0.8449303635278177,-1.6965261085345542,0
2.1241769412647464,-1.0317398976135335,0
0.9638363221064343,-1.436190951343184,0
-0.34791642208118345,-0.9637274357771654,0
-1.0323730128048656,-1.0288499245347218,0
0.254892059331216,-0.8389449737849155,0
0.5001861706495645,0.8423189324220075,1
-1.9143200274271626,0.4920178453781858,1
1.079781258084724,-1.8046356569291224,0
0.006828310882811534,-2.444103849164071,0
-0.27408551371654377,0.8088808413880636,1
0.25170366007443457,-0.7287120316107265,0
0.05672733296159864,-1.8280072605917561,0
-0.42992283490534255,1.0156804750002517,1
0.5834133397631751,-2.2288946558717395,0
1.3742918820257193,-1.4053106478188782,0
0.33754765829614064,1.3426253180845518,1
0.45995074279874987,-1.3440826115171638,0
1.3116445752926311,0.925027331143854,1
-1.4509580709579353,1.368730335030819,1
0.7541293788155516,-1.621412816526354,0
-0.057150207617401354,0.769016222911996,1
-1.0019650501376849,0.5403999392908234,1
-0.24746646552670168,0.6469136637359453,1
0.16489620191255802,-1.3421838933553927,0
0.9854818736073306,-1.4217827190018815,0
-1.1479537356863805,0.513574390051692,1
-0.037845763727670435,0.8123155065135043,1
1.375105711255892,-0.4512408563574336,0
-0.18169832319738446,1.307536633546584,1
0.30064411776775707,-0.862264876229535,0
0.3218807551453823,0.987789121645013,1
0.3768208255444542,-1.4621527823154732,0
0.9296644624237194,1.2376974519581627,1
-1.4241370621596983,0.008965380193505679,0
0.7328759006541979,-1.614357639221648,0
0.3836531484172357,1.011172174101709,1
0.5410698312545839,-0.21456892278936723,0
-0.7362593740554317,0.5915257906098392,1
0.13979072108955715,-1.0567270978367858,0
1.042258360710956,1.2001703665452954,1
-0.9399048178246795,-0.9911938810200888,0
2.2675313932189303,-1.7008914107068165,0
0.23837037189482235,1.2178080733722803,1
0.05336838298130053,1.2990082673283,1
-0.3354351150282968,1.4441700213132522,1
-0.8009456287136787,1.4613102499990924,1
-0.008503840200106267,1.0775210665605797,1
-0.2809708482014847,-0.4268266008333348,0
-2.2067500147157815,-0.7862158385823211,0
-0.48097972638776243,-1.6196996839164743,0
-0.4825121015526277,-0.6125380795001731,0
-0.1251836449180749,1.6301003050524803,1
-0.5023274102529319,0.8408240736374024,1
0.33786927161728364,0.4258895282756734,1
1.6616141927429433,0.9823721205736612,1
0.5319026275209138,-1.3550148569948852,0
1.8151115728998932,-1.0618959071626666,0
0.9640692452313364,-0.7333365142970909,0
0.5864063546663922,0.7929715883182743,1
-1.2908664444889713,-1.9430183285192102,0
-1.677336435390813,0.9799446705844609,1
-0.32062298274344525,-0.7028762227186963,0
-0.9181368140156929,1.048342629773036,1
0.5824499789024068,-0.9878167674455476,0
-0.3548896027584506,-1.706331077636448,0
1.5578031380113038,-1.9538094275759934,0
0.09667848745834562,1.2457543799920638,1
-0.43217498023680717,-0.7035619236874584,0
-0.8942997895705308,1.3599221019573886,1
0.8948421750582535,1.4330697854826961,1
-2.501370903934272,-1.3112225824262806,0
-0.9748841510474762,-1.3794562124732297,0
0.7828083614308865,0.6115628039774359,1
0.19000163877368412,1.1245388554190499,1
-0.3315148235339504,-1.1046149398907599,0
-0.9975089642360343,-1.4877824616207809,0
0.7557115030395113,-0.4387405204828626,0
1.4610436783621952,1.2495524465419618,1
0.22579194108288758,-0.018657991987837352,0
-0.4875319057322638,-1.027992590533007,0
0.21817717499663408,1.8232393911667724,1
-0.4379881777340922,1.1563915865152639,1
0.690725904961654,-1.586343685845819,0
0.4737236476796138,1.0237990729653854,1
0.6016809223442803,-2.1479663365951827,0
0.36165116939747866,0.28403063523152183,0
-0.14681525315152452,-1.9082478367759077,0
-0.39202599096806495,-1.902048409411222,0
-1.4207841016032983,0.5849300135367339,1
-0.4787031114504113,0.9863893134203614,1
0.1889858827149151,1.3319522995691495,1
0.5245648484947578,-0.5541709021726299,0
0.27197715463319116,-0.14623005755217489,0
0.5185466583789924,1.1687513036108292,1
0.016903369388827468,0.34494003589034816,1
-0.6144314790791569,-0.9673381201032414,0
0.8749107182330247,-1.167597579979806,0
1.3785336199281313,0.8583046797428129,1
0.47029765564179127,0.7758685798091474,1
0.8286383139007036,0.4950371890928197,0
0.5991485830786183,-0.7513187255556973,0
-0.30114011180159705,-1.4044394255560304,0
0.7901815749416883,-0.7345644411177112,0
-0.7242501472736019,-0.22380665362051788,0
-1.3324378299577246,-1.7449276375017075,0
-2.0127214318026945,-1.128345463183901,0
0.6144378314782578,0.9549097249990897,1
0.8759137338679325,-1.8487956696246484,0
-0.27847120440553363,-1.1645555737351194,0
-0.0428841826576473,1.3266466834128536,1
0.7071116327737368,1.127152790735364,1
-0.7487587205623466,1.0259610406625845,1
0.09955388662821381,0.5855471373805459,1
0.7197460107901587,-1.1456552237543394,0
-0.2556472174311563,-0.7274364404880521,0
-0.40768434969217743,-1.248312529428969,0
-0.5316399460043728,1.23501683106231,1
0.17952700492553164,-1.0430459091863256,0
-0.5418090366864422,-1.9064182115477748,0
-0.23110808082217202,-1.8087789923235293,0
-2.4241430369668797,2.2549841915236835,1
0.24410176631831035,0.3105374550629284,1
-0.16089419504282,1.5638837978972426,1
-0.04958528006763374,0.7711499482972608,1
2.0540473587773542,0.9690470760003391,1
0.7258726867986786,1.2348055316703275,1
0.11090097051492444,-0.8302611437453806,0
0.5597198848456736,0.005516873534491928,0
-0.39020957213613056,-1.0908680508867086,0
-0.14781191010862457,-1.4967616215182291,0
0.8283445164837239,-0.1277638809783892,0
-0.3864273515999263,-2.2149994689992187,0
1.4199781468724246,-0.602820253969351,0
-0.798340231361712,1.5867482059906792,1
0.1589297975049573,-0.028730079758540805,0
0.7439318428833872,0.4143104419011857,1
0.48581634869683343,1.0342864009188657,1
0.6417618339319973,1.5633235867626267,1
-0.32750945695552536,0.8594323477662235,1
0.5320067986038307,0.9295967078859889,1
-0.9807923060489876,1.661460065148936,1
0.8146063245664615,1.216727826344063,1
-0.5325881882039952,1.2395432229929033,1
-0.40100696423757676,1.4117882550718275,1
0.3030764834288163,-1.7653878691996994,0
0.7888594374646032,1.4204033403939444,1
0.1731314050701532,0.9123559073902229,1
0.07554937922890423,1.6045267524933453,1
-1.5856270813391955,0.4669361218936069,1
0.9281369455092418,1.056897022254454,1
0.806794493237326,-1.0666677479997462,0
-0.470803603677763,-1.9868189939917849,0
0.5094556040020266,0.7394814307168462,1
0.03232005069359531,-1.0929743374324474,0
-1.0172639336826803,-1.107073071789165,0
2.4419899763624855,-1.8164380730809229,0
-0.2456636178492545,-0.9462121128229198,0
0.5386901339089915,1.1020746778066546,1
0.9459772875820297,0.6355345146051636,1
1.5515244420509766,1.4924006610583394,1
0.9056216397101909,-0.8067289946859495,0
0.41758422986016186,1.167579797995533,1
-0.03627886537314563,0.5317441607142588,1
1.4139986079154871,-0.33815467280434264,0
-0.7537093460747614,0.7217799199871158,1
0.517633497152076,1.2114504830460158,1
0.7486388660068503,-1.8170888708493762,0
-1.31559634561876,-0.5945119215960204,0
-2.259885124111176,0.7069037618400911,1
0.3298949784219411,1.8454241348120448,1
-0.6742217542677913,0.9055673911089347,1
0.6750902966906737,-2.1343121501612954,0
-0.7190702599034243,-0.6706194753552621,0
0.4789247590447109,-1.3392770575111146,0
0.9600670979511771,-1.752190562874994,0
1.3720463522067647,-0.8735314812036862,0
-1.2785752502703895,-0.2524135557154653,0
1.1640113793981597,-1.2229092536411323,0
-1.2218974449758098,1.2771200728359025,1
0.6969624168296792,-1.3972030760628606,0
-2.111651486127107,1.5189998889904741,1
-0.35799256991284756,-1.7342212133584305,0
0.19311920425146195,0.7033584659212893,1
0.6684533880147494,-1.0766129843486043,0
-0.5847493245348766,1.4370337515325264,1
-1.470730955224299,0.614188315328821,1
-0.9909887860313111,-0.06440324520873075,0
-1.0581957050688042,-0.8597496116363232,0
0.598365343589728,-0.8150454552603822,0
0.8219735983534312,-0.30315563409223056,0
-0.49588651640784814,-0.5009048841690639,0
1.483412661920663,1.0575111230030914,1
0.9602714738457397,0.8239836277555587,1
0.7580972935694843,-0.640069599177066,0
1.7444113666817995,-1.205402566920927,0
-1.7679902773067544,0.8603093637347614,1
0.0907552802750953,-0.5354168942848054,0
0.5580369951944664,1.0836356529789568,1
2.050130206985813,1.6226454199476819,1
1.173466409234144,-0.6377837103109525,0
0.34722186631009344,-0.35533054030382694,0
-0.8896643403364894,1.0471929528243424,1
1.3924949564130054,0.11910695553992834,1
0.06759680365874118,1.1574462314645622,1
-0.8897851010096964,1.3557987122604203,1
-0.36864784369601056,-1.1637047334439907,0
1.0498685138524324,-1.5953703275788804,0
1.8050903955562692,0.7730124190317782,1
1.2237995336887084,1.002870880210131,1
-0.5926715895733297,1.0951968642505348,1
0.7037234479627272,1.1658505747448722,1
-2.3869693503057436,-0.8660672364448927,0
-0.6861100180660016,-1.2993668912213208,0
-0.18211555532073836,-0.8689077051257741,0
0.731222712052698,0.6156175419564037,1
0.8855556351984329,1.0918219255329125,1
-0.3344486942726478,-0.9743753401914805,0
0.03783687731272078,-1.7477523605670258,0
0.02282221771942327,0.3577809067960247,1
1.973068646068955,-1.2054525192815404,0
0.9449635158809102,0.8521455056747766,1
0.8574370096034155,-1.3802564303023555,0
-0.6570879302262412,-0.28095412234557415,0
-0.4341095367311682,1.681189641190881,1
1.0631868677418834,-0.7937792211820112,0
-0.20818660449382154,1.6789823221610765,1
1.5928402373593507,0.6900958038887501,1
0.6270151248946303,-1.5985290524811073,0
1.532351822055555,1.220043053983653,1
-0.39188767795342244,0.8241759478476326,1
-1.1845484734750913,0.5993353059042892,1
-2.3375796361015384,0.6188552342305512,1
-0.7365091578672528,-0.7839007220626444,0
0.7391205399818579,-1.0964221879374616,0
-1.2893210187111903,0.5533600717283308,1
0.2835150932456903,1.0495681218405974,1
0.4340130904421475,-1.513071813364339,0
0.8807154034227247,-1.3577527643262268,0
-0.19303205066929663,0.8771432037843448,1
0.7284424533210931,0.8784620311543696,1
-1.549166336016152,0.5204015529866386,1
-0.6790959610506697,-0.7312203431571354,0
1.1907654141501576,-1.2635318033640173,0
-0.2796306070084009,-1.0005628550531211,0
-0.23861533388185138,1.0172571552077225,1
-1.0161699998738205,-0.7617147448141658,0
1.0889890745927238,-1.2102891186245934,0
-0.9182187745467657,-1.0926379608427956,0
-0.03626035856000073,1.0788597342081874,1
-0.07731085881711827,0.40906099226142856,1
-0.4530455805669429,0.8406082196585228,1
-1.003954629509669,1.5926361648750254,1
0.20077538176950277,0.9208019213130678,1
0.0019269940133621794,-1.462091720462008,0
-2.483565437182649,-0.18301593975352448,0
-2.128428877258498,-1.4885449574050966,0
0.4478593959386176,-0.3687173428267003,0
0.08747424492422062,0.3214137416884155,1
0.824744974734348,-0.5472710422029159,0
0.22238031583168566,-1.6536433233360892,0
0.34133103080777577,0.7468434694950116,1
-0.029815339445845464,-2.62499375443433,0
1.176805565254173,0.6838202835253473,1
0.723871626920548,-0.25094130481376,0
0.7145894814454297,0.3373142559591179,1
-1.045373568211612,0.42628490906185634,1
0.9793330659564755,0.9029398298286112,1
-1.3046318511980077,1.0539295376919744,1
-0.6810935017400256,-0.4344450510494182,0
0.24107968451442258,0.947818859097884,1
0.06633285720052941,1.46162248779807,1
1.1221662670654395,-0.7583190702760982,0
-0.4709082533902992,0.6065935504352821,1
-0.13330832860726158,0.8740272240942841,1
-0.5589612161306119,-2.0901494104541265,0
-0.6832756438853234,0.8606802956992394,1
-1.0353556982484595,1.852486152248566,1
-1.3790175067075032,-0.3609680044821748,0
-0.6349211173415411,-1.5910041629683622,0
0.29490215139116494,0.8576843815444044,1
-1.191843727222667,1.292179944688673,1
1.05400444923664,1.353163520340706,1
0.10113718912862478,-0.2246929886468133,0
0.021449909447927348,0.8274464788075906,1
0.12253422717841798,0.5218955833474843,1
0.3928517168564248,1.2675529145689086,1
-0.19341464628348617,1.037733074750839,1
1.6278136991006025,0.7304650946011435,1
0.8634787385094245,0.42371847553295927,1
0.7067478898503484,-0.7785167090400527,0
-0.8494618028139349,2.1157376648710113,1
-0.12086098197713101,-0.6671576933888947,0
-0.41546315595554645,1.2549026492226592,1
-0.3950472055448382,-2.072560265391029,0
-0.023906215892287412,-1.2344996724742114,0
1.2526358313504804,-0.6963889502223247,0
0.2107864601424915,1.3127301896043961,1
-0.36953465202072794,1.079210532715975,1
-0.20679418541178954,-1.910611471432584,0
-0.3969717250861874,0.8246953889813472,1
-0.3917653054153923,-1.3582044303495338,0
-0.8026228986195211,0.835942744973421,1
-1.1111613576364006,1.1342024234986192,1
0.3710464523739298,1.0985306880799508,1
0.223651972230123,-1.0332702076081475,0
-0.4237268031178453,1.833551703679378,1
2.1488833463171364,-1.3042820176782228,0
-0.5581760716830353,-0.3662041980454006,0
-0.940809900564408,-0.32545687678510593,0
1.3704034421815225,1.746410788947589,1
1.5135633402354955,1.1400905565751829,1
1.6447160930346458,-1.1414958855347164,0
-1.1622992067814473,1.879048272375508,1
0.4541709744261898,-1.479926984177778,0
0.4006654901479413,0.588666781535576,1
0.3441470271942142,-1.6283718956536024,0
-0.47686611900664216,-0.9752050204248436,0
-0.14296981658562977,1.2383983275116455,1
1.3639228838856232,-1.7856900678186172,0
-0.8515580978639161,-0.8195516918361309,0
1.4161273266761982,1.1730364787441032,1
0.31948918443909635,-0.9801947376756095,0
-0.375942240849687,-1.7536707198016006,0
0.4307583020612504,-1.0943776307412358,0
0.30420773068308543,-0.3820051792710162,0
-0.19113544772755672,1.0927810345016018,1
0.49076277771434973,0.5595394001216569,1
-0.22033283403336873,-1.9123382544590788,0
1.7928030647369035,1.2594670588171932,0
0.4267020857958861,0.893819388484864,1
1.7758407595595684,0.7812777400713762,1
-0.07085963749522492,-1.1054444617101953,0
-1.2653892036715084,1.2325682352641347,1
0.046844780979190946,1.0197209793465825,1
-0.927900460067893,-0.9561123069085541,0
1.1973358365503453,-0.50622328040416,0
1.542962716906424,-1.3788947454822513,0
-0.869430985591728,-1.0807692289972346,0
-0.6279796730924401,0.5216225996138428,1
-0.12926758418252182,-1.209212035744589,0
-0.5764431585268167,0.7453643233021139,1
-1.3232551189332362,-0.4804693075245877,0
-0.2387322075865278,-1.378617272151128,0
0.516526444503463,-1.6653084404496572,0
-0.9969076913938745,-2.0177740653662193,0
0.8711363508529034,0.819982739215283,1
-1.3844070230666141,0.7498649517005485,1
-0.28877966213970396,0.8176508235576105,1
0.6844068046917748,-1.5736944901963725,0
0.5544916574264411,-0.6034221262663207,0
-0.3300416203064633,-1.3163050279667217,0
-0.012542877672140084,-1.327608414736525,0
1.3708469376450172,1.8179952486521094,1
-0.07910282495368337,0.7073621362978912,1
0.6506261236057769,0.3958726970954962,1
-1.6031502494160224,-1.0924040748859358,0
0.5126115928081315,-1.2397219215928093,0
-1.997710378079078,1.399024971271022,1
-0.5761660003045884,-1.5077905223434738,0
-1.501873245814118,1.1582343786310147,1
-0.5040734611801014,-1.230680086639944,0
0.6523129526581081,0.9329457817841377,1
0.2748895582276636,0.4763273814625806,1
1.5766093590926022,0.9143628575049252,1
-0.3427131622419671,0.7944974384899425,1
0.4521753389940432,1.4723772194626428,1
-0.09048203418862585,0.6850157312013199,1
0.1006207265400697,0.7286143387300337,1
2.124742676757934,1.0373504910670492,1
0.5816714589522486,1.0119900540404414,1
0.16793037362313135,1.1315762258728457,1
0.39123691789278875,0.7747244359356247,1
-1.1283618155534394,0.30919905854243546,1
0.6321723220705003,-2.6193557809999453,0
0.781615693646393,-1.6695175813922365,0
-1.2140656955297227,-0.1740473647563312,1
2.0438475705060557,-0.7243888570811757,0
0.5271937179289882,0.8969412095564849,1
1.2512492828823993,1.2785994789266262,1
0.5164704761293043,0.8417967428414579,1
1.1374042934051225,1.067516045838953,1
1.8952971761226767,-1.1188928387839168,0
-0.4884937933587638,-1.1722271716884278,0
-0.8384188400008256,-0.5589488648689136,0
1.665384498969568,-1.5406636935770242,0
1.694930636088745,-2.0101669018472847,0
-0.703139750112695,0.9251975736875099,1
-0.16718781001758115,1.7886980317600027,1
-1.7935905925071154,-1.0199692471315869,0
0.23843016475349893,-0.5660373702496222,0
0.19510992669199997,-0.8063451079756272,0
-3.2146554969049794,1.6505706803387448,1
-1.7255966780576038,1.4246894524663825,1
-0.13088504869415263,0.4223196399344693,1
0.7885445120091985,-0.7275548874118418,0
-0.3423638847958057,0.08680548455334369,0
0.8347679563861006,1.1411059640318695,1
-0.26220766871116546,1.0294391297795833,1
-0.5579708646333246,1.0516357478587584,1
-1.0706170297748532,0.8013304935420098,1
0.9459667221555804,0.8403993079739236,1
1.386620059650471,-1.4579777331387165,0
0.46760998794692027,0.9622014019017806,1
0.31556851986799495,1.3890214166614594,1
0.40104335968362304,-1.1642526250668743,0
-1.4794402779101614,0.8941944534679945,1
0.21256155489895687,-1.3615724884277185,0
0.39100030994790536,-1.3872339639720992,0
-3.1252693395387063,0.8495841022171183,1
0.018858771748784784,-0.650442504013807,0
1.028874655833059,-1.5243233187360776,0
-0.2002169688783139,-1.4958632025143703,0
-0.7941723473434072,-2.1179747004651013,0
1.2488218889669924,0.8901710663074213,1
0.19000593400105184,0.7938922899717663,1
0.03972451360798173,-1.056875288579535,0
-0.39294954498789253,-0.6303953650735534,0
0.9325219080920305,0.7774031940800549,1
-0.841139712413663,-1.021894054981202,0
-1.4312430803873701,-1.4647466430847387,0
-1.305725178512721,-1.1637730569301874,0
1.9103038413391658,1.2045924468063982,1
-0.3147310548169903,0.9607944378744725,1
-0.03326705035227816,1.2336515371152754,1
-1.446364450090136,1.0063059183690701,1
-0.3907893815028403,-0.4344741731281513,0
-0.29530716459282363,-0.7628630665331448,0
0.904660551447979,-1.2379399727187754,0
-0.4700420653994568,0.6446939722924765,1
-0.4541331891017406,-0.503394009596766,0
2.07570784507457,-0.8978342023764604,0
2.057126493337431,0.7256370607302958,1
1.122452320297864,-1.1074570095265368,0
-0.03787030765145061,1.1947664926226915,1
-0.45897256105943657,1.6039805373748486,1
-0.13667627086687612,-1.3919222307698305,0
1.1047150681607618,0.5099690965783279,1
-1.1854168853528706,-1.6468835946692828,0
1.2388844298295967,0.270410509315969,1
0.9848801997183427,-0.2333671379027542,0
-0.3161504738568469,-2.284904963401217,0
-1.6689287863819202,-1.3037836738688942,0
-0.002164472468547532,1.3056677046338627,1
-0.6459778921432276,0.734184029436167,1
-0.21980652411811288,-1.0175859364780608,0
-0.593431657091185,-0.3729950378643524,0
-1.0261228795719954,-0.4333919837966408,0
1.781350862963707,0.8785399012803974,1
-2.290986407091617,0.8915955046092747,1
-0.37542108199115265,0.8663465007685366,1
-0.6919165373308511,-1.5794200721334897,0
2.1789175009556607,-1.9328935040205146,0
0.6971956464356098,-0.9527791141888394,0
0.7954936026135481,0.565545644547234,1
0.11745865471687267,1.30561241416264,1
0.7592313578152512,0.3587562737710026,1
-1.3133027866767462,-0.544798059410746,0
1.7986880681768245,-0.41928243618163774,0
-0.46245898619964665,-0.9298104013749433,0
1.7843438447363935,-0.5730141991521666,0
0.8254014979622157,-2.135857707072474,0
-0.6015905489484703,-0.33481164984646794,0
2.097634776039292,0.7845105246023053,1
-0.0031899316374121,-0.44340430327110325,0
-0.05528185407308963,0.46954405637554697,1
-0.8026276565184213,-0.12402322559958412,0
-1.0164640757107017,1.2402736449874339,1
0.25794367219196623,-0.43927995229622263,0
0.5958216040043378,-0.6731136227231056,0
0.7607811531205751,-0.9698245773819153,0
-1.6392297039297181,-0.03049772874794965,0
0.6483739112997442,1.368431250335608,1
1.0581888546387757,-1.119377818371319,0
0.6305993057835839,-1.0334426031614672,0
-0.12394308583910403,-1.1415034887571258,0
-0.6800944342675056,-1.6242855008869541,0
-1.4054126006997423,1.0349157619193377,1
0.6933733806000408,-1.2004366979091807,0
-0.3657256270008081,0.7591639477168608,1
-0.5399966251040245,1.664733541035972,1
0.10956269719175338,-1.1817518220741174,0
-1.2581650272409612,-0.8992865162884728,0
-0.885385793995498,0.22454066387786953,1
-0.6872882333896667,-0.7747888902992744,0
0.8256461496810463,1.6892490738265173,1
-0.18564184341689455,-0.6538689607405546,0
-1.28517740901768,1.4733393865735458,1
-0.4743677426502844,-0.45593965352074795,0
-0.24226917822620048,0.948305489339423,1
1.106629510243168,-1.9754768888274576,0
-1.1305272012157699,1.3735916163182367,1
-1.126696468427305,1.1514543907607213,1
-1.1690759217936508,1.008427839787779,1
1.4629365977565894,-0.40375288783745045,0
1.5707132401034916,-1.5866891518497586,0
-1.3857270190280595,-1.6952717178013235,0
0.7212058877704238,-2.2392818905043494,0
1.4527468008568198,-1.4769191563675699,0
0.03541775676497028,1.3772167550626244,1
0.2771331593509799,-1.0379220467068226,1
1.1304635385897306,-1.5007345539376367,0
0.10692476964474762,0.8731558615848084,1
1.0920146059336036,-0.7494016821912881,0
0.4286687193712522,1.8176580447986717,1
0.2752760931699809,0.8986076869712025,1
-1.0406228864880256,1.2744772426406659,1
-0.4291752338493665,0.8571964621445924,1
-0.15737457829023668,0.8143638908646357,1
0.3756865968171964,-1.566930741402873,0
-0.6456551424846826,-1.3607482003607045,0
-0.10842909561129732,-0.9496898599551171,0
-1.41129844705206,-1.4304741634279527,0
1.8235895904398187,0.5916044415368708,1
-0.8622969770843842,-1.030537459453741,0
-0.01676613294053904,-0.29505860644128823,0
-2.35432492024382,-0.20175337837952823,0
-0.4829470753923278,-1.4163211210665798,0
0.8951765324861181,-1.3577164287784307,0
0.3609594041429464,1.3237164300272803,1
-1.7534186729111514,1.1262694698698947,1
-0.6481515243723771,1.0963302944664677,1
0.3831968343287789,-1.12205133953986,0
1.0255203401632036,1.1331694308391962,1
0.2905294675879755,-0.8247977545704679,0
-0.5059850456096632,-1.6428496200233764,0
-0.5389465690732813,-1.2483338147476957,0
-1.5462145082276664,0.7558751451218546,1
-0.4231676386138476,-1.4586702127746471,0
-0.11924260480175072,1.2574607004885165,1
0.11110636732813411,-1.9290235676083456,0
0.9375122115076222,1.2768541677241882,1
1.675096336198522,1.191740323937611,1
0.7496587143114427,-1.0741407974423978,0
-1.2513054946095605,0.5222291924910876,1
-1.1037940808608946,-0.931165463532891,0
0.6498786435027663,-1.415803108337775,0
-0.8538109274649482,-1.5392830507081832,0
1.1936135706384525,-1.039342548143056,0
0.28762602537035636,1.4472196070128334,1
-0.38925266083301824,-1.3472187168326837,0
0.10144009905236342,1.651802553248197,1
-2.474559061400417,0.8894146105615736,1
-0.5075448272096725,0.6265755209394428,1
-0.8172775419093792,1.5018626651859415,1
-0.08467316708967818,0.9444763413524909,1
0.4797823662457827,0.7757915024111162,1
-0.12709766824308602,1.022139146372198,1
-0.6625547330715637,-1.1937360169080824,0
0.7961276834065276,-1.2677138236906302,0
-0.6837913007844749,-1.076083458672587,0
0.5722838563747267,-0.35269115212993984,0
-0.021579345209282067,-1.2046675205721162,0
0.8483211337967471,-1.8088844599669107,0
-0.6733508087685544,1.4552011673089604,0
0.3285290842672389,-1.0838753935246621,0
-0.5044073139028377,0.7948528490301701,1
0.5317548843672285,0.20784944266671723,0
0.39987106441000797,-1.0445298771342122,0
0.8295421976877274,-1.8381034039103288,0
-0.7023941487808338,-1.1986998786799494,0
-0.968217528750711,-1.1595236692874498,0
-1.231632138133905,-1.297253619529866,0
-0.14086178166830698,0.06614179165523404,1
-1.3077105798728417,-0.643489166136106,0
0.12450612700457496,-1.1085760750577136,0
-0.33132935332641006,-1.0257268980480903,0
-0.6844952956359976,1.4579933602046355,1
0.08219891832545656,-1.0170966765964975,0
-0.27373553053021954,0.764240731035208,1
-0.2321488430314254,0.8420284160375642,1
0.38281094447817704,-0.3043666884455911,0
-0.30224036625967743,-1.3512613818708308,0
-2.0307927174226097,0.7057462479457595,1
0.41514117879356033,-0.8385917276542962,0
1.8587022124056958,0.5553979086749368,1
0.7958455376854976,1.1149860485731329,1
0.30879574076640093,-0.8997542863434951,0
-0.7879550328544639,-0.7346743875255972,0
-1.1453162884750303,-0.3296362190579104,0
-0.43653668255457523,-1.6467631095094475,0
-0.19821957253336933,-0.5459143524958783,0
-0.7453096733619154,1.5068469784904541,1
-1.1425511759012301,0.8196501347147271,1
1.8593723498760066,-1.055261100772971,0
0.8347920880368458,-0.8233407780367478,0
-1.0525551471802699,-1.7167581150517153,0
1.072967435171847,1.5759984420858277,1
-0.6000428893296375,0.9035195870307497,1
0.8574365823863843,0.9928740547565512,0
-1.2456041786598937,0.9590404068644239,1
1.1836102102116834,0.6452679571594666,1
-0.6193592831166538,0.8854112972642503,1
-0.2747089649479283,-0.7297055005526685,0
0.09736060744982442,-1.66114753244582,0
-0.09695587420483276,1.6230686039514137,1
-0.06189145435745396,-1.4954221897619324,0
0.6014694132413965,1.464729766685711,1
-1.116512908387932,-0.5460998399895732,0
0.25333432748042406,-0.85142014681301,0
-1.2999559809003614,1.3976424853295204,1
-0.6798592379349365,0.8578975977965003,1
0.399614298494755,0.7205441769679821,1
0.9275572331646951,-0.603281968767793,0
0.6855433662024296,-1.4565554607408011,0
-0.22297770094361186,-1.3833693754982286,0
-0.20158981537354195,0.9920556636146478,1
0.6923953989710654,0.4207753343774072,1
-1.9557939316723802,0.7137777757412329,1
-1.6001979001578714,0.8840813008940587,1
-0.9617267334851147,-1.4676991737793545,0
1.0903762215470716,1.2908608689814098,1
-0.5789863073020708,1.5571533235354624,1
-0.7715322905289302,1.3342060880384918,1
1.138260257523601,1.066589167974497,1
0.04548869610649522,-1.1732639545184809,0
-0.7291248776367545,0.9621601391048548,1
-1.0579640728084976,-1.4188280075412922,0
-1.1637529320806517,1.4853540118120905,1
-0.4855195459496961,0.7986345834785341,1
0.8624914112311602,0.8872529919032414,1
0.19938056517588393,1.3800974826523844,1
-2.2564272461655723,-0.9089931522080316,0
-0.9331331216674804,-1.9363823873587769,0
-1.6548057700980627,-1.2492604843017463,0
0.692365370391708,-0.7196153845956847,0
-2.9334208182614554,0.6354361371420925,1
-0.4267700234855314,1.0455693720835766,1
0.27306658352991614,-0.77562972622382,0
-0.0676288975214458,1.2757995958304404,1
-0.3947672001216932,-0.8276494554889811,0
-0.1486021607537897,-1.193737831969404,0
-0.6740908530007013,1.5311958573256383,1
0.12654409744111306,0.3783122489738814,1
1.3021032397622547,1.2795824176775152,1
0.024177579475300793,0.6559734175504099,1
-1.054751674768944,1.2375129605222406,1
-0.6232941823534637,0.07779457074946505,1
0.8132165608138089,1.5190319403607073,1
-0.8492613364450275,-0.9608580085038083,0
1.0328815976556502,-2.058460810472293,0
0.3488384371472075,-1.3111745989747332,0
0.36225795055672366,-0.9362671939462248,0
0.8501091708623476,-0.6956604367698593,0
0.3587996844929996,-1.4637033641076476,0
0.21019351004012207,0.9354928664232249,1
-0.39743142273917936,-0.8645784584288948,0
0.16863960782039197,0.9771544856986817,1
-1.1781205288031333,0.08045184348579104,0
-0.013305112312345395,-0.7959276049230838,0
1.4199241095710515,-1.2631119943941136,0
-0.9951770428366187,-0.3632358533556286,0
0.698118759789666,-1.6958568528099693,0
1.6616680634486911,-0.6839033601653153,0
-0.45732737703594023,-0.6223201900061005,0
1.2035071577673426,1.3046105767952296,1
1.5210545203226176,-1.1766231089505546,0
-0.24723526590979628,0.8038252968574306,1
0.03408646890171493,1.6533758382682908,1
-0.28558036551648064,-0.4145799544488141,0
-0.864664431039881,1.5078743902633511,1
-1.434876842586531,0.783650138731701,1
0.46273693622532414,0.3628894233384681,1
0.2614484533491012,0.1318543124159891,1
-1.3498273472155282,0.9664974946785838,1
1.6891517900408444,-0.5144363980180684,0
0.03830732382124675,-1.5608596372411405,0
-0.1517561602648654,-0.6311844742506406,0
0.01550676687116345,0.818194502548413,1
-0.026916972946921715,-1.6317136307505136,0
1.250261406302107,-1.0561341344836512,0
-0.39887409294590603,1.5031912266153125,1
-1.1169528529137531,-0.06504490712266331,0
0.6388889541734233,1.1501513099884408,1
-0.8587832241170341,0.12526960678660748,0
1.484005077707972,1.4843695154328822,1
-0.6559659762411302,0.5251655759583308,1
2.607162171753604,1.3172435500717137,1
-1.9728174421887072,0.7496020525271636,1
0.6484325822964534,0.8245007716289022,1
0.06421104479530394,0.39554128964501467,1
0.1686545769200322,1.352760202404164,1
0.18963831027908495,-0.8955160657126182,0
-0.8317938662391617,1.0472494721197168,1
-2.696229430020057,0.4541902595149676,1
0.04312997599294812,-1.0072654515064379,0
-0.7939816760521274,0.6299365799794513,1
0.7015981480488317,1.029986986152671,1
1.4352719236308578,-1.6069557071010547,0
-0.5594449732504624,1.0984827267411426,1
-1.2263129034449665,-0.2108556973636807,0
-0.11336874518293885,0.947903031900776,1
0.7266354342128345,-1.2048975319908515,0
-1.2469241054374667,1.0525488721908418,1
-0.1929589926938043,1.153029410324929,1
-0.2855003646139651,0.9901771451392455,1
0.5867450958441646,-0.07560618507528483,0
0.1911641510839999,-1.1912223065116516,0
0.44611639057170005,0.5425514814782535,1
0.44656120852690157,-1.3350583572819228,0
-0.17290086570305538,0.9935040331383672,1
-0.8866751812634686,-0.23815327774696649,0
-2.1370626504295687,1.1614977137054818,1
-0.5180745767022786,-1.0209497573917419,0
-1.3234450176685177,-0.45941551813925563,0
-1.334810043931168,1.6434559672825801,1
-0.7237583525117394,1.002747386946743,1
-0.23285388272992888,-1.9248274556804614,0
-0.16834230038471504,0.9828948771235145,1
-1.097997039638129,0.5779041050607445,1
0.5847672229054375,1.3305713645636479,1
-0.980833341026098,-1.7412147788966061,0
1.1278367428327782,0.4421712944967293,1
-1.0027607381864716,-1.4663399156805776,0
-0.23185659242609932,0.015657724202064127,0
