x_train_0,x_train_1,x_train_2,x_train_3,x_train_4,y_train
-1.6250048924910974,-1.641749531547934,-1.6330131981269758,-1.66431839288541,-1.6847031708676463,-1.7727945328623096
-1.641749531547934,-1.6330131981269758,-1.66431839288541,-1.6847031708676463,-1.7727945328623096,-1.764786227226431
-1.6330131981269758,-1.66431839288541,-1.6847031708676463,-1.7727945328623096,-1.764786227226431,-1.8477813947255357
-1.66431839288541,-1.6847031708676463,-1.7727945328623096,-1.764786227226431,-1.8477813947255357,-1.8448692835852163
-1.6847031708676463,-1.7727945328623096,-1.764786227226431,-1.8477813947255357,-1.8448692835852163,-1.7851710052086673
-1.7727945328623096,-1.764786227226431,-1.8477813947255357,-1.8448692835852163,-1.7851710052086673,-1.8550616725763345
-1.764786227226431,-1.8477813947255357,-1.8448692835852163,-1.7851710052086673,-1.8550616725763345,-1.8499654780807755
-1.8477813947255357,-1.8448692835852163,-1.7851710052086673,-1.8550616725763345,-1.8499654780807755,-1.756049893805473
-1.8448692835852163,-1.7851710052086673,-1.8550616725763345,-1.8499654780807755,-1.756049893805473,-1.7356651158232366
-1.7851710052086673,-1.8550616725763345,-1.8499654780807755,-1.756049893805473,-1.7356651158232366,-1.734209060253077
-1.8550616725763345,-1.8499654780807755,-1.756049893805473,-1.7356651158232366,-1.734209060253077,-1.6737827540914478
-1.8499654780807755,-1.756049893805473,-1.7356651158232366,-1.734209060253077,-1.6737827540914478,-1.6148125034999792
-1.756049893805473,-1.7356651158232366,-1.734209060253077,-1.6737827540914478,-1.6148125034999792,-1.5718588641802669
-1.7356651158232366,-1.734209060253077,-1.6737827540914478,-1.6148125034999792,-1.5718588641802669,-1.4881356688960825
-1.734209060253077,-1.6737827540914478,-1.6148125034999792,-1.5718588641802669,-1.4881356688960825,-1.457558501922728
-1.6737827540914478,-1.6148125034999792,-1.5718588641802669,-1.4881356688960825,-1.457558501922728,-1.4619266686332073
-1.6148125034999792,-1.5718588641802669,-1.4881356688960825,-1.457558501922728,-1.4619266686332073,-1.485951585540843
-1.5718588641802669,-1.4881356688960825,-1.457558501922728,-1.4619266686332073,-1.485951585540843,-1.463746738095907
-1.4881356688960825,-1.457558501922728,-1.4619266686332073,-1.485951585540843,-1.463746738095907,-1.5296332526456349
-1.457558501922728,-1.4619266686332073,-1.485951585540843,-1.463746738095907,-1.5296332526456349,-1.5310893082157948
-1.4619266686332073,-1.485951585540843,-1.463746738095907,-1.5296332526456349,-1.5310893082157948,-1.5842353365266246
-1.485951585540843,-1.463746738095907,-1.5296332526456349,-1.5310893082157948,-1.5842353365266246,-1.5915156143774234
-1.463746738095907,-1.5296332526456349,-1.5310893082157948,-1.5842353365266246,-1.5915156143774234,-1.5478339472726315
-1.5296332526456349,-1.5310893082157948,-1.5842353365266246,-1.5915156143774234,-1.5478339472726315,-1.5754990031056666
-1.5310893082157948,-1.5842353365266246,-1.5915156143774234,-1.5478339472726315,-1.5754990031056666,-1.5514740861980305
-1.5842353365266246,-1.5915156143774234,-1.5478339472726315,-1.5754990031056666,-1.5514740861980305,-1.6017080033685416
-1.5915156143774234,-1.5478339472726315,-1.5754990031056666,-1.5514740861980305,-1.6017080033685416,-1.5754990031056666
-1.5478339472726315,-1.5754990031056666,-1.5514740861980305,-1.6017080033685416,-1.5754990031056666,-1.5856913920967848
-1.5754990031056666,-1.5514740861980305,-1.6017080033685416,-1.5754990031056666,-1.5856913920967848,-1.5827792809564647
-1.5514740861980305,-1.6017080033685416,-1.5754990031056666,-1.5856913920967848,-1.5827792809564647,-1.5886035032371042
-1.6017080033685416,-1.5754990031056666,-1.5856913920967848,-1.5827792809564647,-1.5886035032371042,-1.4874076411110029
-1.5754990031056666,-1.5856913920967848,-1.5827792809564647,-1.5886035032371042,-1.4874076411110029,-1.528177197075475
-1.5856913920967848,-1.5827792809564647,-1.5886035032371042,-1.4874076411110029,-1.528177197075475,-1.4983280578872007
-1.5827792809564647,-1.5886035032371042,-1.4874076411110029,-1.528177197075475,-1.4983280578872007,-1.5208969192246766
-1.5886035032371042,-1.4874076411110029,-1.528177197075475,-1.4983280578872007,-1.5208969192246766,-1.497600030102121
-1.4874076411110029,-1.528177197075475,-1.4983280578872007,-1.5208969192246766,-1.497600030102121,-1.5492900028427914
-1.528177197075475,-1.4983280578872007,-1.5208969192246766,-1.497600030102121,-1.5492900028427914,-1.5208969192246766
-1.4983280578872007,-1.5208969192246766,-1.497600030102121,-1.5492900028427914,-1.5208969192246766,-1.4644747658809867
-1.5208969192246766,-1.497600030102121,-1.5492900028427914,-1.5208969192246766,-1.4644747658809867,-1.4269813349493736
-1.497600030102121,-1.5492900028427914,-1.5208969192246766,-1.4644747658809867,-1.4269813349493736,-1.527449169290395
-1.5492900028427914,-1.5208969192246766,-1.4644747658809867,-1.4269813349493736,-1.527449169290395,-1.4655668075586066
-1.5208969192246766,-1.4644747658809867,-1.4269813349493736,-1.527449169290395,-1.4655668075586066,-1.4939598911767213
-1.4644747658809867,-1.4269813349493736,-1.527449169290395,-1.4655668075586066,-1.4939598911767213,-1.5267211415053155
-1.4269813349493736,-1.527449169290395,-1.4655668075586066,-1.4939598911767213,-1.5267211415053155,-1.4768512382273444
-1.527449169290395,-1.4655668075586066,-1.4939598911767213,-1.5267211415053155,-1.4768512382273444,-1.4597425852779677
-1.4655668075586066,-1.4939598911767213,-1.5267211415053155,-1.4768512382273444,-1.4597425852779677,-1.4051405013969778
-1.4939598911767213,-1.5267211415053155,-1.4768512382273444,-1.4597425852779677,-1.4051405013969778,-1.373107278853464
-1.5267211415053155,-1.4768512382273444,-1.4597425852779677,-1.4051405013969778,-1.373107278853464,-1.3243294172531128
-1.4768512382273444,-1.4597425852779677,-1.4051405013969778,-1.373107278853464,-1.3243294172531128,-1.3607308065071062
-1.4597425852779677,-1.4051405013969778,-1.373107278853464,-1.3243294172531128,-1.3607308065071062,-1.318505194972474
-1.4051405013969778,-1.373107278853464,-1.3243294172531128,-1.3607308065071062,-1.318505194972474,-1.299576472560397
-1.373107278853464,-1.3243294172531128,-1.3607308065071062,-1.318505194972474,-1.299576472560397,-1.350538417515988
-1.3243294172531128,-1.3607308065071062,-1.318505194972474,-1.299576472560397,-1.350538417515988,-1.333065750674071
-1.3607308065071062,-1.318505194972474,-1.299576472560397,-1.350538417515988,-1.333065750674071,-1.2245896106971714
-1.318505194972474,-1.299576472560397,-1.350538417515988,-1.333065750674071,-1.2245896106971714,-1.1801799158072999
-1.299576472560397,-1.350538417515988,-1.333065750674071,-1.2245896106971714,-1.1801799158072999,-1.2012927215746159
-1.350538417515988,-1.333065750674071,-1.2245896106971714,-1.1801799158072999,-1.2012927215746159,-1.1852761103028588
-1.333065750674071,-1.2245896106971714,-1.1801799158072999,-1.2012927215746159,-1.1852761103028588,-1.188916249228258
-1.2245896106971714,-1.1801799158072999,-1.2012927215746159,-1.1852761103028588,-1.188916249228258,-1.1352606014678719
-1.1801799158072999,-1.2012927215746159,-1.1852761103028588,-1.188916249228258,-1.1352606014678719,-1.1554269711145841
-1.2012927215746159,-1.1852761103028588,-1.188916249228258,-1.1352606014678719,-1.1554269711145841,-1.1044650261589934
-1.1852761103028588,-1.188916249228258,-1.1352606014678719,-1.1554269711145841,-1.1044650261589934,-1.0644234979796015
-1.188916249228258,-1.1352606014678719,-1.1554269711145841,-1.1044650261589934,-1.0644234979796015,-1.102280942803754
-1.1352606014678719,-1.1554269711145841,-1.1044650261589934,-1.0644234979796015,-1.102280942803754,-1.060055331269122
-1.1554269711145841,-1.1044650261589934,-1.0644234979796015,-1.102280942803754,-1.060055331269122,-1.081896164821518
-1.1044650261589934,-1.0644234979796015,-1.102280942803754,-1.060055331269122,-1.081896164821518,-1.0513189978481634
-1.0644234979796015,-1.102280942803754,-1.060055331269122,-1.081896164821518,-1.0513189978481634,-1.0585992756989617
-1.102280942803754,-1.060055331269122,-1.081896164821518,-1.0513189978481634,-1.0585992756989617,-1.1044650261589934
-1.060055331269122,-1.081896164821518,-1.0513189978481634,-1.0585992756989617,-1.1044650261589934,-1.1161134707202716
-1.081896164821518,-1.0513189978481634,-1.0585992756989617,-1.1044650261589934,-1.1161134707202716,-1.050590970063083
-1.0513189978481634,-1.0585992756989617,-1.1044650261589934,-1.1161134707202716,-1.050590970063083,-1.0964567205231148
-1.0585992756989617,-1.1044650261589934,-1.1161134707202716,-1.050590970063083,-1.0964567205231148,-1.108105165084393
-1.1044650261589934,-1.1161134707202716,-1.050590970063083,-1.0964567205231148,-1.108105165084393,-1.1321300819920284
-1.1161134707202716,-1.050590970063083,-1.0964567205231148,-1.108105165084393,-1.1321300819920284,-1.1088331928694728
-1.050590970063083,-1.0964567205231148,-1.108105165084393,-1.1321300819920284,-1.1088331928694728,-1.1182975540755111
-1.0964567205231148,-1.108105165084393,-1.1321300819920284,-1.1088331928694728,-1.1182975540755111,-1.1903723047984174
-1.108105165084393,-1.1321300819920284,-1.1088331928694728,-1.1182975540755111,-1.1903723047984174,-1.1408664154129866
-1.1321300819920284,-1.1088331928694728,-1.1182975540755111,-1.1903723047984174,-1.1408664154129866,-0.9938048028268537
-1.1088331928694728,-1.1182975540755111,-1.1903723047984174,-1.1408664154129866,-0.9938048028268537,-0.9159058298233086
-1.1182975540755111,-1.1903723047984174,-1.1408664154129866,-0.9938048028268537,-0.9159058298233086,-0.9661397469938191
-1.1903723047984174,-1.1408664154129866,-0.9938048028268537,-0.9159058298233086,-0.9661397469938191,-1.0367584421465659
-1.1408664154129866,-0.9938048028268537,-0.9159058298233086,-0.9661397469938191,-1.0367584421465659,-0.9260982188144267
-0.9938048028268537,-0.9159058298233086,-0.9661397469938191,-1.0367584421465659,-0.9260982188144267,-0.9530352468623821
-0.9159058298233086,-0.9661397469938191,-1.0367584421465659,-0.9260982188144267,-0.9530352468623821,-0.9217300521039473
-0.9661397469938191,-1.0367584421465659,-0.9260982188144267,-0.9530352468623821,-0.9217300521039473,-0.8441950929929419
-1.0367584421465659,-0.9260982188144267,-0.9530352468623821,-0.9217300521039473,-0.8441950929929419,-0.8940649962709128
-0.9260982188144267,-0.9530352468623821,-0.9217300521039473,-0.8441950929929419,-0.8940649962709128,-0.9807003026954166
-0.9530352468623821,-0.9217300521039473,-0.8441950929929419,-0.8940649962709128,-0.9807003026954166,-1.0192857753046496
-0.9217300521039473,-0.8441950929929419,-0.8940649962709128,-0.9807003026954166,-1.0192857753046496,-1.06879166469008
-0.8441950929929419,-0.8940649962709128,-0.9807003026954166,-1.0192857753046496,-1.06879166469008,-1.0156456363792503
-0.8940649962709128,-0.9807003026954166,-1.0192857753046496,-1.06879166469008,-1.0156456363792503,-0.9384746911607845
-0.9807003026954166,-1.0192857753046496,-1.06879166469008,-1.0156456363792503,-0.9384746911607845,-0.946482996796663
-1.0192857753046496,-1.06879166469008,-1.0156456363792503,-0.9384746911607845,-0.946482996796663,-0.9595874969281001
-1.06879166469008,-1.0156456363792503,-0.9384746911607845,-0.946482996796663,-0.9595874969281001,-0.9064414686172706
-1.0156456363792503,-0.9384746911607845,-0.946482996796663,-0.9595874969281001,-0.9064414686172706,-0.8663999404378773
-0.9384746911607845,-0.946482996796663,-0.9595874969281001,-0.9064414686172706,-0.8663999404378773,-0.8292705233988048
-0.946482996796663,-0.9595874969281001,-0.9064414686172706,-0.8663999404378773,-0.8292705233988048,-0.7986933564254504
-0.9595874969281001,-0.9064414686172706,-0.8663999404378773,-0.8292705233988048,-0.7986933564254504,-0.7571957726758974
-0.9064414686172706,-0.8663999404378773,-0.8292705233988048,-0.7986933564254504,-0.7571957726758974,-0.7688442172371761
-0.8663999404378773,-0.8292705233988048,-0.7986933564254504,-0.7571957726758974,-0.7688442172371761,-0.7710283005924158
-0.8292705233988048,-0.7986933564254504,-0.7571957726758974,-0.7688442172371761,-0.7710283005924158,-0.6807528552425118
-0.7986933564254504,-0.7571957726758974,-0.7688442172371761,-0.7710283005924158,-0.6807528552425118,-0.6530877994094773
-0.7571957726758974,-0.7688442172371761,-0.7710283005924158,-0.6807528552425118,-0.6530877994094773,-0.6574559661199566
-0.7688442172371761,-0.7710283005924158,-0.6807528552425118,-0.6530877994094773,-0.6574559661199566,-0.6676483551110748
-0.7710283005924158,-0.6807528552425118,-0.6530877994094773,-0.6574559661199566,-0.6676483551110748,-0.7637480227416165
-0.6807528552425118,-0.6530877994094773,-0.6574559661199566,-0.6676483551110748,-0.7637480227416165,-0.7433632447593802
-0.6530877994094773,-0.6574559661199566,-0.6676483551110748,-0.7637480227416165,-0.7433632447593802,-0.7207943834219042
-0.6574559661199566,-0.6676483551110748,-0.7637480227416165,-0.7433632447593802,-0.7207943834219042,-0.7040497443650681
-0.6676483551110748,-0.7637480227416165,-0.7433632447593802,-0.7207943834219042,-0.7040497443650681,-0.8030615231359297
-0.7637480227416165,-0.7433632447593802,-0.7207943834219042,-0.7040497443650681,-0.8030615231359297,-0.8795044405693153
-0.7433632447593802,-0.7207943834219042,-0.7040497443650681,-0.8030615231359297,-0.8795044405693153,-0.7659321060968561
-0.7207943834219042,-0.7040497443650681,-0.8030615231359297,-0.8795044405693153,-0.7659321060968561,-0.38808568564040635
-0.7040497443650681,-0.8030615231359297,-0.8795044405693153,-0.7659321060968561,-0.38808568564040635,-0.45433621408267383
-0.8030615231359297,-0.8795044405693153,-0.7659321060968561,-0.38808568564040635,-0.45433621408267383,-0.49219365890682654
-0.8795044405693153,-0.7659321060968561,-0.38808568564040635,-0.45433621408267383,-0.49219365890682654,-0.5388602399304463
-0.7659321060968561,-0.38808568564040635,-0.45433621408267383,-0.49219365890682654,-0.5388602399304463,-0.37934935221944766
-0.38808568564040635,-0.45433621408267383,-0.49219365890682654,-0.5388602399304463,-0.37934935221944766,-0.32474726833845774
-0.45433621408267383,-0.49219365890682654,-0.5388602399304463,-0.37934935221944766,-0.32474726833845774,-0.3436759907505346
-0.49219365890682654,-0.5388602399304463,-0.37934935221944766,-0.32474726833845774,-0.3436759907505346,-0.428855241604879
-0.5388602399304463,-0.37934935221944766,-0.32474726833845774,-0.3436759907505346,-0.428855241604879,-0.4732649364947507
-0.37934935221944766,-0.32474726833845774,-0.3436759907505346,-0.428855241604879,-0.4732649364947507,-0.4186628526137608
-0.32474726833845774,-0.3436759907505346,-0.428855241604879,-0.4732649364947507,-0.4186628526137608,-0.428855241604879
-0.3436759907505346,-0.428855241604879,-0.4732649364947507,-0.4186628526137608,-0.428855241604879,-0.41939088039884
-0.428855241604879,-0.4732649364947507,-0.4186628526137608,-0.428855241604879,-0.41939088039884,-0.44050368616615654
-0.4732649364947507,-0.4186628526137608,-0.428855241604879,-0.41939088039884,-0.44050368616615654,-0.49801788118746637
-0.4186628526137608,-0.428855241604879,-0.41939088039884,-0.44050368616615654,-0.49801788118746637,-0.5788289653313313
-0.428855241604879,-0.41939088039884,-0.44050368616615654,-0.49801788118746637,-0.5788289653313313,-0.581013048686571
-0.41939088039884,-0.44050368616615654,-0.49801788118746637,-0.5788289653313313,-0.581013048686571,-0.6115902156599244
-0.44050368616615654,-0.49801788118746637,-0.5788289653313313,-0.581013048686571,-0.6115902156599244,-0.5846531876119702
-0.49801788118746637,-0.5788289653313313,-0.581013048686571,-0.6115902156599244,-0.5846531876119702,-0.580794640351047
-0.5788289653313313,-0.581013048686571,-0.6115902156599244,-0.5846531876119702,-0.580794640351047,-0.4943777422620662
-0.581013048686571,-0.6115902156599244,-0.5846531876119702,-0.580794640351047,-0.4943777422620662,-0.4892815477665076
-0.6115902156599244,-0.5846531876119702,-0.580794640351047,-0.4943777422620662,-0.4892815477665076,-0.4958337978322267
-0.5846531876119702,-0.580794640351047,-0.4943777422620662,-0.4892815477665076,-0.4958337978322267,-0.6210545768659634
-0.580794640351047,-0.4943777422620662,-0.4892815477665076,-0.4958337978322267,-0.6210545768659634,-0.5628123540595744
-0.4943777422620662,-0.4892815477665076,-0.4958337978322267,-0.6210545768659634,-0.5628123540595744,-0.5467957427878164
-0.4892815477665076,-0.4958337978322267,-0.6210545768659634,-0.5628123540595744,-0.5467957427878164,-0.5948455766030882
-0.4958337978322267,-0.6210545768659634,-0.5628123540595744,-0.5467957427878164,-0.5948455766030882,-0.516218575814463
-0.6210545768659634,-0.5628123540595744,-0.5467957427878164,-0.5948455766030882,-0.516218575814463,-0.4769050754201498
-0.5628123540595744,-0.5467957427878164,-0.5948455766030882,-0.516218575814463,-0.4769050754201498,-0.48345732548586884
-0.5467957427878164,-0.5948455766030882,-0.516218575814463,-0.4769050754201498,-0.48345732548586884,-0.5184026591697026
-0.5948455766030882,-0.516218575814463,-0.4769050754201498,-0.48345732548586884,-0.5184026591697026,-0.45506424186775407
-0.516218575814463,-0.4769050754201498,-0.48345732548586884,-0.5184026591697026,-0.45506424186775407,-0.3258393100160776
-0.4769050754201498,-0.48345732548586884,-0.5184026591697026,-0.45506424186775407,-0.3258393100160776,-0.24029604526919363
-0.48345732548586884,-0.5184026591697026,-0.45506424186775407,-0.3258393100160776,-0.24029604526919363,-0.21991126728695734
-0.5184026591697026,-0.45506424186775407,-0.3258393100160776,-0.24029604526919363,-0.21991126728695734,-0.2271915451377566
-0.45506424186775407,-0.3258393100160776,-0.24029604526919363,-0.21991126728695734,-0.2271915451377566,-0.25121646204539205
-0.3258393100160776,-0.24029604526919363,-0.21991126728695734,-0.2271915451377566,-0.25121646204539205,-0.19297423923900198
-0.24029604526919363,-0.21991126728695734,-0.2271915451377566,-0.25121646204539205,-0.19297423923900198,-0.09905865496369996
-0.21991126728695734,-0.2271915451377566,-0.25121646204539205,-0.19297423923900198,-0.09905865496369996,-0.17040537790152704
-0.2271915451377566,-0.25121646204539205,-0.19297423923900198,-0.09905865496369996,-0.17040537790152704,-0.1871500169583632
-0.25121646204539205,-0.19297423923900198,-0.09905865496369996,-0.17040537790152704,-0.1871500169583632,-0.2424801286244333
-0.19297423923900198,-0.09905865496369996,-0.17040537790152704,-0.1871500169583632,-0.2424801286244333,-0.15584482219992954
-0.09905865496369996,-0.17040537790152704,-0.1871500169583632,-0.2424801286244333,-0.15584482219992954,-0.17113340568660623
-0.17040537790152704,-0.1871500169583632,-0.2424801286244333,-0.15584482219992954,-0.17113340568660623,-0.10997907173989732
-0.1871500169583632,-0.2424801286244333,-0.15584482219992954,-0.17113340568660623,-0.10997907173989732,-0.09905865496369996
-0.2424801286244333,-0.15584482219992954,-0.17113340568660623,-0.10997907173989732,-0.09905865496369996,-0.12526765522657507
-0.15584482219992954,-0.17113340568660623,-0.10997907173989732,-0.09905865496369996,-0.12526765522657507,-0.1114351273100578
-0.17113340568660623,-0.10997907173989732,-0.09905865496369996,-0.12526765522657507,-0.1114351273100578,-0.10925104395481812
-0.10997907173989732,-0.09905865496369996,-0.12526765522657507,-0.1114351273100578,-0.10925104395481812,-0.1325479330773733
-0.09905865496369996,-0.12526765522657507,-0.1114351273100578,-0.10925104395481812,-0.1325479330773733,-0.09396246046814037
-0.12526765522657507,-0.1114351273100578,-0.10925104395481812,-0.1325479330773733,-0.09396246046814037,-0.1332031580839452
-0.1114351273100578,-0.10925104395481812,-0.1325479330773733,-0.09396246046814037,-0.1332031580839452,-0.23010365627807547
-0.10925104395481812,-0.1325479330773733,-0.09396246046814037,-0.1332031580839452,-0.23010365627807547,-0.24976040647523154
-0.1325479330773733,-0.09396246046814037,-0.1332031580839452,-0.23010365627807547,-0.24976040647523154,-0.11434723845037668
-0.09396246046814037,-0.1332031580839452,-0.23010365627807547,-0.24976040647523154,-0.11434723845037668,-0.06338529349478694
-0.1332031580839452,-0.23010365627807547,-0.24976040647523154,-0.11434723845037668,-0.06338529349478694,-0.04300051551255064
-0.23010365627807547,-0.24976040647523154,-0.11434723845037668,-0.06338529349478694,-0.04300051551255064,-0.14419637763865192
-0.24976040647523154,-0.11434723845037668,-0.06338529349478694,-0.04300051551255064,-0.14419637763865192,-0.04736868222302896
-0.11434723845037668,-0.06338529349478694,-0.04300051551255064,-0.14419637763865192,-0.04736868222302896,0.0032292488400211695
-0.06338529349478694,-0.04300051551255064,-0.14419637763865192,-0.04736868222302896,0.0032292488400211695,0.045090846482113624
-0.04300051551255064,-0.14419637763865192,-0.04736868222302896,0.0032292488400211695,0.045090846482113624,0.056011263258310975
-0.14419637763865192,-0.04736868222302896,0.0032292488400211695,0.045090846482113624,0.056011263258310975,0.16084726430981242
-0.04736868222302896,0.0032292488400211695,0.045090846482113624,0.056011263258310975,0.16084726430981242,0.09896490257802328
0.0032292488400211695,0.045090846482113624,0.056011263258310975,0.16084726430981242,0.09896490257802328,0.026162124070036756
0.045090846482113624,0.056011263258310975,0.16084726430981242,0.09896490257802328,0.026162124070036756,0.09241265251230424
0.056011263258310975,0.16084726430981242,0.09896490257802328,0.026162124070036756,0.09241265251230424,0.0014091793773210928
0.16084726430981242,0.09896490257802328,0.026162124070036756,0.09241265251230424,0.0014091793773210928,0.0676597078195896
0.09896490257802328,0.026162124070036756,0.09241265251230424,0.0014091793773210928,0.0676597078195896,0.15575106981425282
0.026162124070036756,0.09241265251230424,0.0014091793773210928,0.0676597078195896,0.15575106981425282,0.1717676810860098
0.09241265251230424,0.0014091793773210928,0.0676597078195896,0.15575106981425282,0.1717676810860098,0.12226179170057949
0.0014091793773210928,0.0676597078195896,0.15575106981425282,0.1717676810860098,0.12226179170057949,0.12226179170057949
0.0676597078195896,0.15575106981425282,0.1717676810860098,0.12226179170057949,0.12226179170057949,0.24020229288351694
0.15575106981425282,0.1717676810860098,0.12226179170057949,0.12226179170057949,0.24020229288351694,0.17759190336664857
0.1717676810860098,0.12226179170057949,0.12226179170057949,0.24020229288351694,0.17759190336664857,0.027618179640196198
0.12226179170057949,0.12226179170057949,0.24020229288351694,0.17759190336664857,0.027618179640196198,0.18268809786220816
0.12226179170057949,0.24020229288351694,0.17759190336664857,0.027618179640196198,0.18268809786220816,0.16739951437553044
0.24020229288351694,0.17759190336664857,0.027618179640196198,0.18268809786220816,0.16739951437553044,0.14009847243503548
0.17759190336664857,0.027618179640196198,0.18268809786220816,0.16739951437553044,0.14009847243503548,0.20168962305279234
0.027618179640196198,0.18268809786220816,0.16739951437553044,0.14009847243503548,0.20168962305279234,0.1783199311517288
0.18268809786220816,0.16739951437553044,0.14009847243503548,0.20168962305279234,0.1783199311517288,0.18196007007712794
0.16739951437553044,0.14009847243503548,0.20168962305279234,0.1783199311517288,0.18196007007712794,0.13463826404693732
0.14009847243503548,0.20168962305279234,0.1783199311517288,0.18196007007712794,0.13463826404693732,0.08950054137198535
0.20168962305279234,0.1783199311517288,0.18196007007712794,0.13463826404693732,0.08950054137198535,0.07275590231514817
0.1783199311517288,0.18196007007712794,0.13463826404693732,0.08950054137198535,0.07275590231514817,0.2067130147698436
0.18196007007712794,0.13463826404693732,0.08950054137198535,0.07275590231514817,0.2067130147698436,0.19360851463840553
0.13463826404693732,0.08950054137198535,0.07275590231514817,0.2067130147698436,0.19360851463840553,0.14701473639329413
0.08950054137198535,0.07275590231514817,0.2067130147698436,0.19360851463840553,0.14701473639329413,0.20525695919968415
0.07275590231514817,0.2067130147698436,0.19360851463840553,0.14701473639329413,0.20525695919968415,0.21326526483556263
0.2067130147698436,0.19360851463840553,0.14701473639329413,0.20525695919968415,0.21326526483556263,0.20161682027428401
0.19360851463840553,0.14701473639329413,0.20525695919968415,0.21326526483556263,0.20161682027428401,0.17322373665616922
0.14701473639329413,0.20525695919968415,0.21326526483556263,0.20161682027428401,0.17322373665616922,0.13536629183201654
0.20525695919968415,0.21326526483556263,0.20161682027428401,0.17322373665616922,0.13536629183201654,0.05892337439863089
0.21326526483556263,0.20161682027428401,0.17322373665616922,0.13536629183201654,0.05892337439863089,0.07493998567038784
0.20161682027428401,0.17322373665616922,0.13536629183201654,0.05892337439863089,0.07493998567038784,0.0909565969421448
0.17322373665616922,0.13536629183201654,0.05892337439863089,0.07493998567038784,0.0909565969421448,0.07566801345546809
0.13536629183201654,0.05892337439863089,0.07493998567038784,0.0909565969421448,0.07566801345546809,-0.09541851603830084
0.05892337439863089,0.07493998567038784,0.0909565969421448,0.07566801345546809,-0.09541851603830084,-0.16676523897612688
0.07493998567038784,0.0909565969421448,0.07566801345546809,-0.09541851603830084,-0.16676523897612688,-0.16094101669548808
0.0909565969421448,0.07566801345546809,-0.09541851603830084,-0.16676523897612688,-0.16094101669548808,-0.17040537790152704
0.07566801345546809,-0.09541851603830084,-0.16676523897612688,-0.16094101669548808,-0.17040537790152704,-0.16239707226564856
-0.09541851603830084,-0.16676523897612688,-0.16094101669548808,-0.17040537790152704,-0.16239707226564856,-0.18933410031360287
-0.16676523897612688,-0.16094101669548808,-0.17040537790152704,-0.16239707226564856,-0.18933410031360287,-0.07357768248590406
-0.16094101669548808,-0.17040537790152704,-0.16239707226564856,-0.18933410031360287,-0.07357768248590406,-0.112163155095137
-0.17040537790152704,-0.16239707226564856,-0.18933410031360287,-0.07357768248590406,-0.112163155095137,-0.07503373805606454
-0.16239707226564856,-0.18933410031360287,-0.07357768248590406,-0.112163155095137,-0.07503373805606454,-0.02698390424079369
-0.18933410031360287,-0.07357768248590406,-0.112163155095137,-0.07503373805606454,-0.02698390424079369,-0.00878320961379706
-0.07357768248590406,-0.112163155095137,-0.07503373805606454,-0.02698390424079369,-0.00878320961379706,0.013785651723678924
-0.112163155095137,-0.07503373805606454,-0.02698390424079369,-0.00878320961379706,0.013785651723678924,-0.00878320961379706
-0.07503373805606454,-0.02698390424079369,-0.00878320961379706,0.013785651723678924,-0.00878320961379706,-0.010239265183956502
-0.02698390424079369,-0.00878320961379706,0.013785651723678924,-0.00878320961379706,-0.010239265183956502,-0.021887709745234095
-0.00878320961379706,0.013785651723678924,-0.00878320961379706,-0.010239265183956502,-0.021887709745234095,-0.11070709952497756
0.013785651723678924,-0.00878320961379706,-0.010239265183956502,-0.021887709745234095,-0.11070709952497756,-0.1267237107967345
-0.00878320961379706,-0.010239265183956502,-0.021887709745234095,-0.11070709952497756,-0.1267237107967345,-0.18350987803296406
-0.010239265183956502,-0.021887709745234095,-0.11070709952497756,-0.1267237107967345,-0.18350987803296406,-0.10779498838465867
-0.021887709745234095,-0.11070709952497756,-0.1267237107967345,-0.18350987803296406,-0.10779498838465867,-0.0480967100081092
-0.11070709952497756,-0.1267237107967345,-0.18350987803296406,-0.10779498838465867,-0.0480967100081092,-0.0794019047665439
-0.1267237107967345,-0.18350987803296406,-0.10779498838465867,-0.0480967100081092,-0.0794019047665439,-0.0743057102709843
-0.18350987803296406,-0.10779498838465867,-0.0480967100081092,-0.0794019047665439,-0.0743057102709843,-0.2599527954663497
-0.10779498838465867,-0.0480967100081092,-0.0794019047665439,-0.0743057102709843,-0.2599527954663497,-0.2351998507736351
-0.0480967100081092,-0.0794019047665439,-0.0743057102709843,-0.2599527954663497,-0.2351998507736351,-0.18205382246280463
-0.0794019047665439,-0.0743057102709843,-0.2599527954663497,-0.2351998507736351,-0.18205382246280463,-0.24757632311999186
-0.0743057102709843,-0.2599527954663497,-0.2351998507736351,-0.18205382246280463,-0.24757632311999186,-0.27596940673810666
-0.2599527954663497,-0.2351998507736351,-0.18205382246280463,-0.24757632311999186,-0.27596940673810666,-0.3669728798730898
-0.2351998507736351,-0.18205382246280463,-0.24757632311999186,-0.27596940673810666,-0.3669728798730898,-0.37061301879848996
-0.18205382246280463,-0.24757632311999186,-0.27596940673810666,-0.3669728798730898,-0.37061301879848996,-0.3859016022851667
-0.24757632311999186,-0.27596940673810666,-0.3669728798730898,-0.37061301879848996,-0.3859016022851667,-0.2701451844574679
-0.27596940673810666,-0.3669728798730898,-0.37061301879848996,-0.3859016022851667,-0.2701451844574679,-0.3262033239086182
-0.3669728798730898,-0.37061301879848996,-0.3859016022851667,-0.2701451844574679,-0.3262033239086182,-0.3495002130311734
-0.37061301879848996,-0.3859016022851667,-0.2701451844574679,-0.3262033239086182,-0.3495002130311734,-0.5191306869547818
-0.3859016022851667,-0.2701451844574679,-0.3262033239086182,-0.3495002130311734,-0.5191306869547818,-0.49364971447698697
-0.2701451844574679,-0.3262033239086182,-0.3495002130311734,-0.5191306869547818,-0.49364971447698697,-0.5511639094982957
-0.3262033239086182,-0.3495002130311734,-0.5191306869547818,-0.49364971447698697,-0.5511639094982957,-0.7076898832904672
-0.3495002130311734,-0.5191306869547818,-0.49364971447698697,-0.5511639094982957,-0.7076898832904672,-0.5853812153970493
-0.5191306869547818,-0.49364971447698697,-0.5511639094982957,-0.7076898832904672,-0.5853812153970493,-0.597029659958328
-0.49364971447698697,-0.5511639094982957,-0.7076898832904672,-0.5853812153970493,-0.597029659958328,-0.46088846414839285
-0.5511639094982957,-0.7076898832904672,-0.5853812153970493,-0.597029659958328,-0.46088846414839285,-0.3389438101475157
-0.7076898832904672,-0.5853812153970493,-0.597029659958328,-0.46088846414839285,-0.3389438101475157,-0.2832496845889059
-0.5853812153970493,-0.597029659958328,-0.46088846414839285,-0.3389438101475157,-0.2832496845889059,-0.30509051814130167
-0.597029659958328,-0.46088846414839285,-0.3389438101475157,-0.2832496845889059,-0.30509051814130167,-0.34804415746101397
-0.46088846414839285,-0.3389438101475157,-0.2832496845889059,-0.30509051814130167,-0.34804415746101397,-0.2912579902247844
-0.3389438101475157,-0.2832496845889059,-0.30509051814130167,-0.34804415746101397,-0.2912579902247844,-0.2665050455320687
-0.2832496845889059,-0.30509051814130167,-0.34804415746101397,-0.2912579902247844,-0.2665050455320687,-0.3436759907505346
-0.30509051814130167,-0.34804415746101397,-0.2912579902247844,-0.2665050455320687,-0.3436759907505346,-0.39099779678072627
-0.34804415746101397,-0.2912579902247844,-0.2665050455320687,-0.3436759907505346,-0.39099779678072627,-0.37425315772388906
-0.2912579902247844,-0.2665050455320687,-0.3436759907505346,-0.39099779678072627,-0.37425315772388906,-0.4463279084467953
-0.2665050455320687,-0.3436759907505346,-0.39099779678072627,-0.37425315772388906,-0.4463279084467953,-0.4463279084467953
-0.3436759907505346,-0.39099779678072627,-0.37425315772388906,-0.4463279084467953,-0.4463279084467953,-0.5926614932478486
-0.39099779678072627,-0.37425315772388906,-0.4463279084467953,-0.4463279084467953,-0.5926614932478486,-0.5031140756830249
-0.37425315772388906,-0.4463279084467953,-0.4463279084467953,-0.5926614932478486,-0.5031140756830249,-0.4732649364947507
-0.4463279084467953,-0.4463279084467953,-0.5926614932478486,-0.5031140756830249,-0.4732649364947507,-0.5628123540595744
-0.4463279084467953,-0.5926614932478486,-0.5031140756830249,-0.4732649364947507,-0.5628123540595744,-0.5984857155284874
-0.5926614932478486,-0.5031140756830249,-0.4732649364947507,-0.5628123540595744,-0.5984857155284874,-0.5118504091039836
-0.5031140756830249,-0.4732649364947507,-0.5628123540595744,-0.5984857155284874,-0.5118504091039836,-0.5380594093668587
-0.4732649364947507,-0.5628123540595744,-0.5984857155284874,-0.5118504091039836,-0.5380594093668587,-0.43686354724075743
-0.5628123540595744,-0.5984857155284874,-0.5118504091039836,-0.5380594093668587,-0.43686354724075743,-0.4091984914077229
-0.5984857155284874,-0.5118504091039836,-0.5380594093668587,-0.43686354724075743,-0.4091984914077229,-0.3735251299388088
-0.5118504091039836,-0.5380594093668587,-0.43686354724075743,-0.4091984914077229,-0.3735251299388088,-0.2665050455320687
-0.5380594093668587,-0.43686354724075743,-0.4091984914077229,-0.3735251299388088,-0.2665050455320687,-0.22282337842727726
-0.43686354724075743,-0.4091984914077229,-0.3735251299388088,-0.2665050455320687,-0.22282337842727726,-0.3101867126368602
-0.4091984914077229,-0.3735251299388088,-0.2665050455320687,-0.22282337842727726,-0.3101867126368602,-0.3218351571981389
-0.3735251299388088,-0.2665050455320687,-0.22282337842727726,-0.3101867126368602,-0.3218351571981389,-0.32838740726385685
-0.2665050455320687,-0.22282337842727726,-0.3101867126368602,-0.3218351571981389,-0.32838740726385685,-0.29781024029050346
-0.22282337842727726,-0.3101867126368602,-0.3218351571981389,-0.32838740726385685,-0.29781024029050346,-0.20243860044504094
-0.3101867126368602,-0.3218351571981389,-0.32838740726385685,-0.29781024029050346,-0.20243860044504094,-0.1263596969041949
-0.3218351571981389,-0.32838740726385685,-0.29781024029050346,-0.20243860044504094,-0.1263596969041949,-0.14419637763865192
-0.32838740726385685,-0.29781024029050346,-0.20243860044504094,-0.1263596969041949,-0.14419637763865192,-0.2126309894361591
-0.29781024029050346,-0.20243860044504094,-0.1263596969041949,-0.14419637763865192,-0.2126309894361591,-0.2970822125054232
-0.20243860044504094,-0.1263596969041949,-0.14419637763865192,-0.2126309894361591,-0.2970822125054232,-0.37498118550896825
-0.1263596969041949,-0.14419637763865192,-0.2126309894361591,-0.2970822125054232,-0.37498118550896825,-0.38517357450008644
-0.14419637763865192,-0.2126309894361591,-0.2970822125054232,-0.37498118550896825,-0.38517357450008644,-0.3633327409476907
-0.2126309894361591,-0.2970822125054232,-0.37498118550896825,-0.38517357450008644,-0.3633327409476907,-0.3866296300702469
-0.2970822125054232,-0.37498118550896825,-0.38517357450008644,-0.3633327409476907,-0.3866296300702469,-0.3407638796102147
-0.37498118550896825,-0.38517357450008644,-0.3633327409476907,-0.3866296300702469,-0.3407638796102147,-0.36551682430293037
-0.38517357450008644,-0.3633327409476907,-0.3866296300702469,-0.3407638796102147,-0.36551682430293037,-0.4077424358375624
-0.3633327409476907,-0.3866296300702469,-0.3407638796102147,-0.36551682430293037,-0.4077424358375624,-0.5198587147398621
-0.3866296300702469,-0.3407638796102147,-0.36551682430293037,-0.4077424358375624,-0.5198587147398621,-0.6013978266688063
-0.3407638796102147,-0.36551682430293037,-0.4077424358375624,-0.5198587147398621,-0.6013978266688063,-0.5249549092354207
-0.36551682430293037,-0.4077424358375624,-0.5198587147398621,-0.6013978266688063,-0.5249549092354207,-0.45215213072743415
-0.4077424358375624,-0.5198587147398621,-0.6013978266688063,-0.5249549092354207,-0.45215213072743415,-0.6166864101554841
-0.5198587147398621,-0.6013978266688063,-0.5249549092354207,-0.45215213072743415,-0.6166864101554841,-0.7251625501323836
-0.6013978266688063,-0.5249549092354207,-0.45215213072743415,-0.6166864101554841,-0.7251625501323836,-0.6829369385977515
-0.5249549092354207,-0.45215213072743415,-0.6166864101554841,-0.7251625501323836,-0.6829369385977515,-0.713514105571106
-0.45215213072743415,-0.6166864101554841,-0.7251625501323836,-0.6829369385977515,-0.713514105571106,-0.5751888264059312
-0.6166864101554841,-0.7251625501323836,-0.6829369385977515,-0.713514105571106,-0.5751888264059312,-0.6217826046510426
-0.7251625501323836,-0.6829369385977515,-0.713514105571106,-0.5751888264059312,-0.6217826046510426,-0.5977576877434072
-0.6829369385977515,-0.713514105571106,-0.5751888264059312,-0.6217826046510426,-0.5977576877434072,-0.5490526289215644
-0.713514105571106,-0.5751888264059312,-0.6217826046510426,-0.5977576877434072,-0.5490526289215644,-0.6043099378091262
-0.5751888264059312,-0.6217826046510426,-0.5977576877434072,-0.5490526289215644,-0.6043099378091262,-0.5533479928535354
-0.6217826046510426,-0.5977576877434072,-0.5490526289215644,-0.6043099378091262,-0.5533479928535354,-0.5271389925906603
-0.5977576877434072,-0.5490526289215644,-0.6043099378091262,-0.5533479928535354,-0.5271389925906603,-0.564996437414813
-0.5490526289215644,-0.6043099378091262,-0.5533479928535354,-0.5271389925906603,-0.564996437414813,-0.5861092431821295
-0.6043099378091262,-0.5533479928535354,-0.5271389925906603,-0.564996437414813,-0.5861092431821295,-0.587565298752289
-0.5533479928535354,-0.5271389925906603,-0.564996437414813,-0.5861092431821295,-0.587565298752289,-0.5511639094982957
-0.5271389925906603,-0.564996437414813,-0.5861092431821295,-0.587565298752289,-0.5511639094982957,-0.5890213543224495
-0.564996437414813,-0.5861092431821295,-0.587565298752289,-0.5511639094982957,-0.5890213543224495,-0.5657244651998933
-0.5861092431821295,-0.587565298752289,-0.5511639094982957,-0.5890213543224495,-0.5657244651998933,-0.6632801884005954
-0.587565298752289,-0.5511639094982957,-0.5890213543224495,-0.5657244651998933,-0.6632801884005954,-0.6516317438393179
-0.5511639094982957,-0.5890213543224495,-0.5657244651998933,-0.6632801884005954,-0.6516317438393179,-0.6632801884005954
-0.5890213543224495,-0.5657244651998933,-0.6632801884005954,-0.6516317438393179,-0.6632801884005954,-0.6115902156599244
-0.5657244651998933,-0.6632801884005954,-0.6516317438393179,-0.6632801884005954,-0.6115902156599244,-0.5489798261430561
-0.6632801884005954,-0.6516317438393179,-0.6632801884005954,-0.6115902156599244,-0.5489798261430561,-0.5482517983579769
-0.6516317438393179,-0.6632801884005954,-0.6115902156599244,-0.5489798261430561,-0.5482517983579769,-0.6203265490808831
-0.6632801884005954,-0.6115902156599244,-0.5489798261430561,-0.5482517983579769,-0.6203265490808831,-0.6436234382034394
-0.6115902156599244,-0.5489798261430561,-0.5482517983579769,-0.6203265490808831,-0.6436234382034394,-0.5642684096297338
-0.5489798261430561,-0.5482517983579769,-0.6203265490808831,-0.6436234382034394,-0.5642684096297338,-0.5584441873490951
-0.5482517983579769,-0.6203265490808831,-0.6436234382034394,-0.5642684096297338,-0.5584441873490951,-0.6159583823704038
-0.6203265490808831,-0.6436234382034394,-0.5642684096297338,-0.5584441873490951,-0.6159583823704038,-0.6035819100240459
-0.6436234382034394,-0.5642684096297338,-0.5584441873490951,-0.6159583823704038,-0.6035819100240459,-0.5307791315160595
-0.5642684096297338,-0.5584441873490951,-0.6159583823704038,-0.6035819100240459,-0.5307791315160595,-0.4885535199814274
-0.5584441873490951,-0.6159583823704038,-0.6035819100240459,-0.5307791315160595,-0.4885535199814274,-0.3662448520880106
-0.6159583823704038,-0.6035819100240459,-0.5307791315160595,-0.4885535199814274,-0.3662448520880106,-0.3946379357061254
-0.6035819100240459,-0.5307791315160595,-0.4885535199814274,-0.3662448520880106,-0.3946379357061254,-0.406286380267403
-0.5307791315160595,-0.4885535199814274,-0.3662448520880106,-0.3946379357061254,-0.406286380267403,-0.39682201906136505
-0.4885535199814274,-0.3662448520880106,-0.3946379357061254,-0.406286380267403,-0.39682201906136505,-0.3524123241714933
-0.3662448520880106,-0.3946379357061254,-0.406286380267403,-0.39682201906136505,-0.3524123241714933,-0.32838740726385685
-0.3946379357061254,-0.406286380267403,-0.39682201906136505,-0.3524123241714933,-0.32838740726385685,-0.29271404579494387
-0.406286380267403,-0.39682201906136505,-0.3524123241714933,-0.32838740726385685,-0.29271404579494387,-0.2890739068695447
-0.39682201906136505,-0.3524123241714933,-0.32838740726385685,-0.29271404579494387,-0.2890739068695447,-0.244664211979673
-0.3524123241714933,-0.32838740726385685,-0.29271404579494387,-0.2890739068695447,-0.244664211979673,-0.25558462875587035
-0.32838740726385685,-0.29271404579494387,-0.2890739068695447,-0.244664211979673,-0.25558462875587035,-0.29781024029050346
-0.29271404579494387,-0.2890739068695447,-0.244664211979673,-0.25558462875587035,-0.29781024029050346,-0.2832496845889059
-0.2890739068695447,-0.244664211979673,-0.25558462875587035,-0.29781024029050346,-0.2832496845889059,-0.34440401853561486
-0.244664211979673,-0.25558462875587035,-0.29781024029050346,-0.2832496845889059,-0.34440401853561486,-0.2912579902247844
-0.25558462875587035,-0.29781024029050346,-0.2832496845889059,-0.34440401853561486,-0.2912579902247844,-0.26213687882158937
-0.29781024029050346,-0.2832496845889059,-0.34440401853561486,-0.2912579902247844,-0.26213687882158937,-0.24612026754983243
-0.2832496845889059,-0.34440401853561486,-0.2912579902247844,-0.26213687882158937,-0.24612026754983243,-0.2279195729228358
-0.34440401853561486,-0.2912579902247844,-0.26213687882158937,-0.24612026754983243,-0.2279195729228358,-0.1063389328144982
-0.2912579902247844,-0.26213687882158937,-0.24612026754983243,-0.2279195729228358,-0.1063389328144982,-0.1522046832745304
-0.26213687882158937,-0.24612026754983243,-0.2279195729228358,-0.1063389328144982,-0.1522046832745304,-0.14274032206849147
-0.24612026754983243,-0.2279195729228358,-0.1063389328144982,-0.1522046832745304,-0.14274032206849147,-0.0917783771129007
-0.2279195729228358,-0.1063389328144982,-0.1522046832745304,-0.14274032206849147,-0.0917783771129007,-0.041544459942390165
-0.1063389328144982,-0.1522046832745304,-0.14274032206849147,-0.0917783771129007,-0.041544459942390165,-0.04591262665286952
-0.1522046832745304,-0.14274032206849147,-0.0917783771129007,-0.041544459942390165,-0.04591262665286952,-0.05464896007382823
-0.14274032206849147,-0.0917783771129007,-0.041544459942390165,-0.04591262665286952,-0.05464896007382823,-0.09541851603830084
-0.0917783771129007,-0.041544459942390165,-0.04591262665286952,-0.05464896007382823,-0.09541851603830084,-0.04445657108271008
-0.041544459942390165,-0.04591262665286952,-0.05464896007382823,-0.09541851603830084,-0.04445657108271008,-0.03644826544683161
-0.04591262665286952,-0.05464896007382823,-0.09541851603830084,-0.04445657108271008,-0.03644826544683161,0.026890151855116992
-0.05464896007382823,-0.09541851603830084,-0.04445657108271008,-0.03644826544683161,0.026890151855116992,-4.687619283834783e-05
-0.09541851603830084,-0.04445657108271008,-0.03644826544683161,0.026890151855116992,-4.687619283834783e-05,-0.009511237398876264
-0.04445657108271008,-0.03644826544683161,0.026890151855116992,-4.687619283834783e-05,-0.009511237398876264,0.05528323547323177
-0.03644826544683161,0.026890151855116992,-4.687619283834783e-05,-0.009511237398876264,0.05528323547323177,0.011601568368439246
0.026890151855116992,-4.687619283834783e-05,-0.009511237398876264,0.05528323547323177,0.011601568368439246,-0.006599126258557382
-4.687619283834783e-05,-0.009511237398876264,0.05528323547323177,0.011601568368439246,-0.006599126258557382,-0.009511237398876264
-0.009511237398876264,0.05528323547323177,0.011601568368439246,-0.006599126258557382,-0.009511237398876264,0.014513679508759161
0.05528323547323177,0.011601568368439246,-0.006599126258557382,-0.009511237398876264,0.014513679508759161,0.002865234947481568
0.011601568368439246,-0.006599126258557382,-0.009511237398876264,0.014513679508759161,0.002865234947481568,-0.105610905029419
-0.006599126258557382,-0.009511237398876264,0.014513679508759161,0.002865234947481568,-0.105610905029419,-0.05464896007382823
-0.009511237398876264,0.014513679508759161,0.002865234947481568,-0.105610905029419,-0.05464896007382823,-0.07867387698146366
0.014513679508759161,0.002865234947481568,-0.105610905029419,-0.05464896007382823,-0.07867387698146366,0.003593262732560771
0.002865234947481568,-0.105610905029419,-0.05464896007382823,-0.07867387698146366,0.003593262732560771,0.03271437413575579
-0.105610905029419,-0.05464896007382823,-0.07867387698146366,0.003593262732560771,0.03271437413575579,0.1280860139812183
-0.05464896007382823,-0.07867387698146366,0.003593262732560771,0.03271437413575579,0.1280860139812183,0.003593262732560771
-0.07867387698146366,0.003593262732560771,0.03271437413575579,0.1280860139812183,0.003593262732560771,-0.024071793100473773
0.003593262732560771,0.03271437413575579,0.1280860139812183,0.003593262732560771,-0.024071793100473773,-0.002958987333157229
0.03271437413575579,0.1280860139812183,0.003593262732560771,-0.024071793100473773,-0.002958987333157229,0.0152417072938394
0.1280860139812183,0.003593262732560771,-0.024071793100473773,-0.002958987333157229,0.0152417072938394,-0.07357768248590406
0.003593262732560771,-0.024071793100473773,-0.002958987333157229,0.0152417072938394,-0.07357768248590406,-0.12453962744149483
-0.024071793100473773,-0.002958987333157229,0.0152417072938394,-0.07357768248590406,-0.12453962744149483,-0.08449809926210246
-0.002958987333157229,0.0152417072938394,-0.07357768248590406,-0.12453962744149483,-0.08449809926210246,-0.1383721553580121
0.0152417072938394,-0.07357768248590406,-0.12453962744149483,-0.08449809926210246,-0.1383721553580121,-0.11361921066529747
-0.07357768248590406,-0.12453962744149483,-0.08449809926210246,-0.1383721553580121,-0.11361921066529747,-0.14419637763865192
-0.12453962744149483,-0.08449809926210246,-0.1383721553580121,-0.11361921066529747,-0.14419637763865192,-0.07794584919638342
-0.08449809926210246,-0.1383721553580121,-0.11361921066529747,-0.14419637763865192,-0.07794584919638342,-0.05974515456938679
-0.1383721553580121,-0.11361921066529747,-0.14419637763865192,-0.07794584919638342,-0.05974515456938679,-0.06338529349478694
-0.11361921066529747,-0.14419637763865192,-0.07794584919638342,-0.05974515456938679,-0.06338529349478694,-0.105610905029419
-0.14419637763865192,-0.07794584919638342,-0.05974515456938679,-0.06338529349478694,-0.105610905029419,-0.15074862770436995
-0.07794584919638342,-0.05974515456938679,-0.06338529349478694,-0.105610905029419,-0.15074862770436995,-0.12963582193705442
-0.05974515456938679,-0.06338529349478694,-0.105610905029419,-0.15074862770436995,-0.12963582193705442,-0.0801299325516231
-0.06338529349478694,-0.105610905029419,-0.15074862770436995,-0.12963582193705442,-0.0801299325516231,-0.041544459942390165
-0.105610905029419,-0.15074862770436995,-0.12963582193705442,-0.0801299325516231,-0.041544459942390165,-0.0480967100081092
-0.15074862770436995,-0.12963582193705442,-0.0801299325516231,-0.041544459942390165,-0.0480967100081092,-0.0888662659725818
-0.12963582193705442,-0.0801299325516231,-0.041544459942390165,-0.0480967100081092,-0.0888662659725818,-0.10269879388909908
-0.0801299325516231,-0.041544459942390165,-0.0480967100081092,-0.0888662659725818,-0.10269879388909908,-0.05246487671858856
-0.041544459942390165,-0.0480967100081092,-0.0888662659725818,-0.10269879388909908,-0.05246487671858856,-0.06556937685002559
-0.0480967100081092,-0.0888662659725818,-0.10269879388909908,-0.05246487671858856,-0.06556937685002559,-0.05610501564398768
-0.0888662659725818,-0.10269879388909908,-0.05246487671858856,-0.06556937685002559,-0.05610501564398768,-0.06411332127986615
-0.10269879388909908,-0.05246487671858856,-0.06556937685002559,-0.05610501564398768,-0.06411332127986615,-0.06411332127986615
-0.05246487671858856,-0.06556937685002559,-0.05610501564398768,-0.06411332127986615,-0.06411332127986615,-0.08813823818750158
-0.06556937685002559,-0.05610501564398768,-0.06411332127986615,-0.06411332127986615,-0.08813823818750158,-0.1383721553580121
-0.05610501564398768,-0.06411332127986615,-0.06411332127986615,-0.08813823818750158,-0.1383721553580121,-0.1114351273100578
-0.06411332127986615,-0.06411332127986615,-0.08813823818750158,-0.1383721553580121,-0.1114351273100578,-0.053920932288747996
-0.06411332127986615,-0.08813823818750158,-0.1383721553580121,-0.1114351273100578,-0.053920932288747996,-0.0743057102709843
-0.08813823818750158,-0.1383721553580121,-0.1114351273100578,-0.053920932288747996,-0.0743057102709843,-0.11434723845037668
-0.1383721553580121,-0.1114351273100578,-0.053920932288747996,-0.0743057102709843,-0.11434723845037668,-0.10779498838465867
-0.1114351273100578,-0.053920932288747996,-0.0743057102709843,-0.11434723845037668,-0.10779498838465867,-0.1871500169583632
-0.053920932288747996,-0.0743057102709843,-0.11434723845037668,-0.10779498838465867,-0.1871500169583632,-0.23447182298855485
-0.0743057102709843,-0.11434723845037668,-0.10779498838465867,-0.1871500169583632,-0.23447182298855485,-0.27451335116794723
-0.11434723845037668,-0.10779498838465867,-0.1871500169583632,-0.23447182298855485,-0.27451335116794723,-0.26213687882158937
-0.10779498838465867,-0.1871500169583632,-0.23447182298855485,-0.27451335116794723,-0.26213687882158937,-0.24393618419459276
-0.1871500169583632,-0.23447182298855485,-0.27451335116794723,-0.26213687882158937,-0.24393618419459276,-0.21554310057647796
-0.23447182298855485,-0.27451335116794723,-0.26213687882158937,-0.24393618419459276,-0.21554310057647796,-0.19079015588376336
-0.27451335116794723,-0.26213687882158937,-0.24393618419459276,-0.21554310057647796,-0.19079015588376336,-0.29781024029050346
-0.26213687882158937,-0.24393618419459276,-0.21554310057647796,-0.19079015588376336,-0.29781024029050346,-0.34476803242815446
-0.24393618419459276,-0.21554310057647796,-0.19079015588376336,-0.29781024029050346,-0.34476803242815446,-0.24539223976475322
-0.21554310057647796,-0.19079015588376336,-0.29781024029050346,-0.34476803242815446,-0.24539223976475322,-0.3327555739743362
-0.19079015588376336,-0.29781024029050346,-0.34476803242815446,-0.24539223976475322,-0.3327555739743362,-0.2563126565409506
-0.29781024029050346,-0.34476803242815446,-0.24539223976475322,-0.3327555739743362,-0.2563126565409506,-0.24903237869015235
-0.34476803242815446,-0.24539223976475322,-0.3327555739743362,-0.2563126565409506,-0.24903237869015235,-0.2351998507736351
-0.24539223976475322,-0.3327555739743362,-0.2563126565409506,-0.24903237869015235,-0.2351998507736351,-0.2970822125054232
-0.3327555739743362,-0.2563126565409506,-0.24903237869015235,-0.2351998507736351,-0.2970822125054232,-0.3087306570667008
-0.2563126565409506,-0.24903237869015235,-0.2351998507736351,-0.2970822125054232,-0.3087306570667008,-0.20389465601520038
-0.24903237869015235,-0.2351998507736351,-0.2970822125054232,-0.3087306570667008,-0.20389465601520038,-0.25813272600365067
-0.2351998507736351,-0.2970822125054232,-0.3087306570667008,-0.20389465601520038,-0.25813272600365067,-0.3378517684698958
-0.2970822125054232,-0.3087306570667008,-0.20389465601520038,-0.25813272600365067,-0.3378517684698958,-0.24976040647523154
-0.3087306570667008,-0.20389465601520038,-0.25813272600365067,-0.3378517684698958,-0.24976040647523154,-0.3065465737114611
-0.20389465601520038,-0.25813272600365067,-0.3378517684698958,-0.24976040647523154,-0.3065465737114611,-0.3080026292816216
-0.25813272600365067,-0.3378517684698958,-0.24976040647523154,-0.3065465737114611,-0.3080026292816216,-0.4732649364947507
-0.3378517684698958,-0.24976040647523154,-0.3065465737114611,-0.3080026292816216,-0.4732649364947507,-0.4332234083153583
-0.24976040647523154,-0.3065465737114611,-0.3080026292816216,-0.4732649364947507,-0.4332234083153583,-0.4594324085782334
-0.3065465737114611,-0.3080026292816216,-0.4732649364947507,-0.4332234083153583,-0.4594324085782334,-0.44050368616615654
-0.3080026292816216,-0.4732649364947507,-0.4332234083153583,-0.4594324085782334,-0.44050368616615654,-0.37498118550896825
-0.4732649364947507,-0.4332234083153583,-0.4594324085782334,-0.44050368616615654,-0.37498118550896825,-0.29052996243970414
-0.4332234083153583,-0.4594324085782334,-0.44050368616615654,-0.37498118550896825,-0.29052996243970414,-0.31528290713241985
-0.4594324085782334,-0.44050368616615654,-0.37498118550896825,-0.29052996243970414,-0.31528290713241985,-0.29781024029050346
-0.44050368616615654,-0.37498118550896825,-0.29052996243970414,-0.31528290713241985,-0.29781024029050346,-0.280337573448586
-0.37498118550896825,-0.29052996243970414,-0.31528290713241985,-0.29781024029050346,-0.280337573448586,-0.20971887829583918
-0.29052996243970414,-0.31528290713241985,-0.29781024029050346,-0.280337573448586,-0.20971887829583918,-0.19807043373456157
-0.31528290713241985,-0.29781024029050346,-0.280337573448586,-0.20971887829583918,-0.19807043373456157,-0.11944343294593628
-0.29781024029050346,-0.280337573448586,-0.20971887829583918,-0.19807043373456157,-0.11944343294593628,-0.15657284998500873
-0.280337573448586,-0.20971887829583918,-0.19807043373456157,-0.11944343294593628,-0.15657284998500873,-0.0997866827487802
-0.20971887829583918,-0.19807043373456157,-0.11944343294593628,-0.15657284998500873,-0.0997866827487802,-0.2279195729228358
-0.19807043373456157,-0.11944343294593628,-0.15657284998500873,-0.0997866827487802,-0.2279195729228358,-0.18860607252852366
-0.11944343294593628,-0.15657284998500873,-0.0997866827487802,-0.2279195729228358,-0.18860607252852366,-0.14419637763865192
-0.15657284998500873,-0.0997866827487802,-0.2279195729228358,-0.18860607252852366,-0.14419637763865192,-0.14783651656405106
-0.0997866827487802,-0.2279195729228358,-0.18860607252852366,-0.14419637763865192,-0.14783651656405106,-0.09032232154274125
-0.2279195729228358,-0.18860607252852366,-0.14419637763865192,-0.14783651656405106,-0.09032232154274125,-0.06556937685002559
-0.18860607252852366,-0.14419637763865192,-0.14783651656405106,-0.09032232154274125,-0.06556937685002559,-0.07576176584114375
-0.14419637763865192,-0.14783651656405106,-0.09032232154274125,-0.06556937685002559,-0.07576176584114375,-0.06993754356050494
-0.14783651656405106,-0.09032232154274125,-0.06556937685002559,-0.07576176584114375,-0.06993754356050494,-0.06120121013954727
-0.09032232154274125,-0.06556937685002559,-0.07576176584114375,-0.06993754356050494,-0.06120121013954727,-0.05828909899922735
-0.06556937685002559,-0.07576176584114375,-0.06993754356050494,-0.06120121013954727,-0.05828909899922735,-0.041544459942390165
-0.07576176584114375,-0.06993754356050494,-0.06120121013954727,-0.05828909899922735,-0.041544459942390165,-0.06265726570970671
-0.06993754356050494,-0.06120121013954727,-0.05828909899922735,-0.041544459942390165,-0.06265726570970671,-0.08158598812178357
-0.06120121013954727,-0.05828909899922735,-0.041544459942390165,-0.06265726570970671,-0.08158598812178357,-0.06338529349478694
-0.05828909899922735,-0.041544459942390165,-0.06265726570970671,-0.08158598812178357,-0.06338529349478694,-0.035720237661751364
-0.041544459942390165,-0.06265726570970671,-0.08158598812178357,-0.06338529349478694,-0.035720237661751364,0.07785209681070776
-0.06265726570970671,-0.08158598812178357,-0.06338529349478694,-0.035720237661751364,0.07785209681070776,0.13318220847677684
-0.08158598812178357,-0.06338529349478694,-0.035720237661751364,0.07785209681070776,0.13318220847677684,0.11061334713930086
-0.06338529349478694,-0.035720237661751364,0.07785209681070776,0.13318220847677684,0.11061334713930086,0.0734839301002284
-0.035720237661751364,0.07785209681070776,0.13318220847677684,0.11061334713930086,0.0734839301002284,0.18341612564728738
0.07785209681070776,0.13318220847677684,0.11061334713930086,0.0734839301002284,0.18341612564728738,0.15720712538441228
0.13318220847677684,0.11061334713930086,0.0734839301002284,0.18341612564728738,0.15720712538441228,0.12226179170057949
0.11061334713930086,0.0734839301002284,0.18341612564728738,0.15720712538441228,0.12226179170057949,0.12954206955137773
0.0734839301002284,0.18341612564728738,0.15720712538441228,0.12226179170057949,0.12954206955137773,0.19069640349808664
0.18341612564728738,0.15720712538441228,0.12226179170057949,0.12954206955137773,0.19069640349808664,0.3552306829261355
0.15720712538441228,0.12226179170057949,0.12954206955137773,0.19069640349808664,0.3552306829261355,0.3719753219829727
0.12226179170057949,0.12954206955137773,0.19069640349808664,0.3552306829261355,0.3719753219829727,0.3159171825318234
0.12954206955137773,0.19069640349808664,0.3552306829261355,0.3719753219829727,0.3159171825318234,0.28898015448386805
0.19069640349808664,0.3552306829261355,0.3719753219829727,0.3159171825318234,0.28898015448386805,0.3224694325975424
0.3552306829261355,0.3719753219829727,0.3159171825318234,0.28898015448386805,0.3224694325975424,0.33193379380358035
0.3719753219829727,0.3159171825318234,0.28898015448386805,0.3224694325975424,0.33193379380358035,0.1601192365247322
0.3159171825318234,0.28898015448386805,0.3224694325975424,0.33193379380358035,0.1601192365247322,0.03198634635067555
0.28898015448386805,0.3224694325975424,0.33193379380358035,0.1601192365247322,0.03198634635067555,0.12699397230359846
0.3224694325975424,0.33193379380358035,0.1601192365247322,0.03198634635067555,0.12699397230359846,0.09750884700786383
0.33193379380358035,0.1601192365247322,0.03198634635067555,0.12699397230359846,0.09750884700786383,0.05455520768815154
0.1601192365247322,0.03198634635067555,0.12699397230359846,0.09750884700786383,0.05455520768815154,0.13463826404693732
0.03198634635067555,0.12699397230359846,0.09750884700786383,0.05455520768815154,0.13463826404693732,0.19943273691904537
0.12699397230359846,0.09750884700786383,0.05455520768815154,0.13463826404693732,0.19943273691904537,0.18778429235776672
0.09750884700786383,0.05455520768815154,0.13463826404693732,0.19943273691904537,0.18778429235776672,0.22855384832223935
0.05455520768815154,0.13463826404693732,0.19943273691904537,0.18778429235776672,0.22855384832223935,0.26859537650163173
0.13463826404693732,0.19943273691904537,0.18778429235776672,0.22855384832223935,0.26859537650163173,0.22564173718192046
0.19943273691904537,0.18778429235776672,0.22855384832223935,0.26859537650163173,0.22564173718192046,0.2445704595939963
0.18778429235776672,0.22855384832223935,0.26859537650163173,0.22564173718192046,0.2445704595939963,0.20016076470412456
0.22855384832223935,0.26859537650163173,0.22564173718192046,0.2445704595939963,0.20016076470412456,0.08658843023166543
0.26859537650163173,0.22564173718192046,0.2445704595939963,0.20016076470412456,0.08658843023166543,0.03926662420147482
0.22564173718192046,0.2445704595939963,0.20016076470412456,0.08658843023166543,0.03926662420147482,0.18123204229204873
0.2445704595939963,0.20016076470412456,0.08658843023166543,0.03926662420147482,0.18123204229204873,0.2766036821375102
0.20016076470412456,0.08658843023166543,0.03926662420147482,0.18123204229204873,0.2766036821375102,0.08003618016594743
0.08658843023166543,0.03926662420147482,0.18123204229204873,0.2766036821375102,0.08003618016594743,0.11206940270946134
0.03926662420147482,0.18123204229204873,0.2766036821375102,0.08003618016594743,0.11206940270946134,0.15866318095457274
0.18123204229204873,0.2766036821375102,0.08003618016594743,0.11206940270946134,0.15866318095457274,0.1259019306259786
0.2766036821375102,0.08003618016594743,0.11206940270946134,0.15866318095457274,0.1259019306259786,0.06474759667926969
0.08003618016594743,0.11206940270946134,0.15866318095457274,0.1259019306259786,0.06474759667926969,0.1397344585424959
0.11206940270946134,0.15866318095457274,0.1259019306259786,0.06474759667926969,0.1397344585424959,0.1845081673249072
0.15866318095457274,0.1259019306259786,0.06474759667926969,0.1397344585424959,0.1845081673249072,0.1892403479279272
0.1259019306259786,0.06474759667926969,0.1397344585424959,0.1845081673249072,0.1892403479279272,0.2948043767645068
0.06474759667926969,0.1397344585424959,0.1845081673249072,0.1892403479279272,0.2948043767645068,0.6937636029882732
0.1397344585424959,0.1845081673249072,0.1892403479279272,0.2948043767645068,0.6937636029882732,0.686483325137475
0.1845081673249072,0.1892403479279272,0.2948043767645068,0.6937636029882732,0.686483325137475,0.7024999364092319
0.1892403479279272,0.2948043767645068,0.6937636029882732,0.686483325137475,0.7024999364092319,0.646077783065542
0.2948043767645068,0.6937636029882732,0.686483325137475,0.7024999364092319,0.646077783065542,0.7541899091499019
0.6937636029882732,0.686483325137475,0.7024999364092319,0.646077783065542,0.7541899091499019,0.6435296858177627
0.686483325137475,0.7024999364092319,0.646077783065542,0.7541899091499019,0.6435296858177627,0.677018963931436
0.7024999364092319,0.646077783065542,0.7541899091499019,0.6435296858177627,0.677018963931436,0.7134203531854293
0.646077783065542,0.7541899091499019,0.6435296858177627,0.677018963931436,0.7134203531854293,0.728708936672107
0.7541899091499019,0.6435296858177627,0.677018963931436,0.7134203531854293,0.728708936672107,0.7971435484696142
0.6435296858177627,0.677018963931436,0.7134203531854293,0.728708936672107,0.7971435484696142,0.7505497702245028
0.677018963931436,0.7134203531854293,0.728708936672107,0.7971435484696142,0.7505497702245028,0.7374452700930647
0.7134203531854293,0.728708936672107,0.7971435484696142,0.7505497702245028,0.7374452700930647,0.9092598273719139
0.728708936672107,0.7971435484696142,0.7505497702245028,0.7374452700930647,0.9092598273719139,0.880866743753799
0.7971435484696142,0.7505497702245028,0.7374452700930647,0.9092598273719139,0.880866743753799,0.9562176195095649
0.7505497702245028,0.7374452700930647,0.9092598273719139,0.880866743753799,0.9562176195095649,0.9383809387751079
0.7374452700930647,0.9092598273719139,0.880866743753799,0.9562176195095649,0.9383809387751079,0.971142189103702
0.9092598273719139,0.880866743753799,0.9562176195095649,0.9383809387751079,0.971142189103702,1.0417608842564487
0.880866743753799,0.9562176195095649,0.9383809387751079,0.971142189103702,1.0417608842564487,1.0541373566028067
0.9562176195095649,0.9383809387751079,0.971142189103702,1.0417608842564487,1.0541373566028067,1.0788903012955222
0.9383809387751079,0.971142189103702,1.0417608842564487,1.0541373566028067,1.0788903012955222,1.083986495791081
0.971142189103702,1.0417608842564487,1.0541373566028067,1.0788903012955222,1.083986495791081,1.0745221345850429
1.0417608842564487,1.0541373566028067,1.0788903012955222,1.083986495791081,1.0745221345850429,1.1334923851765122
1.0541373566028067,1.0788903012955222,1.083986495791081,1.0745221345850429,1.1334923851765122,1.1546051909438277
1.0788903012955222,1.083986495791081,1.0745221345850429,1.1334923851765122,1.1546051909438277,1.0770702318328222
1.083986495791081,1.0745221345850429,1.1334923851765122,1.1546051909438277,1.0770702318328222,1.130944287928732
1.0745221345850429,1.1334923851765122,1.1546051909438277,1.0770702318328222,1.130944287928732,1.1145636627644353
1.1334923851765122,1.1546051909438277,1.0770702318328222,1.130944287928732,1.1145636627644353,1.046129050966928
1.1546051909438277,1.0770702318328222,1.130944287928732,1.1145636627644353,1.046129050966928,1.08762663471648
1.0770702318328222,1.130944287928732,1.1145636627644353,1.046129050966928,1.08762663471648,0.9846107031276796
1.130944287928732,1.1145636627644353,1.046129050966928,1.08762663471648,0.9846107031276796,1.0446729953967688
1.1145636627644353,1.046129050966928,1.08762663471648,0.9846107031276796,1.0446729953967688,0.9820626058799004
1.046129050966928,1.08762663471648,0.9846107031276796,1.0446729953967688,0.9820626058799004,0.9267324942138303
1.08762663471648,0.9846107031276796,1.0446729953967688,0.9820626058799004,0.9267324942138303,1.0694259400894834
0.9846107031276796,1.0446729953967688,0.9820626058799004,0.9267324942138303,1.0694259400894834,1.0628736900237654
1.0446729953967688,0.9820626058799004,0.9267324942138303,1.0694259400894834,1.0628736900237654,1.1178397877972948
0.9820626058799004,0.9267324942138303,1.0694259400894834,1.0628736900237654,1.1178397877972948,1.1425927324900105
0.9267324942138303,1.0694259400894834,1.0628736900237654,1.1178397877972948,1.1425927324900105,1.2485207752191307
1.0694259400894834,1.0628736900237654,1.1178397877972948,1.1425927324900105,1.2485207752191307,1.388302109954465
1.0628736900237654,1.1178397877972948,1.1425927324900105,1.2485207752191307,1.388302109954465,1.3664612764020683
1.1178397877972948,1.1425927324900105,1.2485207752191307,1.388302109954465,1.3664612764020683,1.3599090263363502
1.1425927324900105,1.2485207752191307,1.388302109954465,1.3664612764020683,1.3599090263363502,1.399586540623203
1.2485207752191307,1.388302109954465,1.3664612764020683,1.3599090263363502,1.399586540623203,1.243424580723571
1.388302109954465,1.3664612764020683,1.3599090263363502,1.399586540623203,1.243424580723571,1.1931906635530607
1.3664612764020683,1.3599090263363502,1.399586540623203,1.243424580723571,1.1931906635530607,1.1924626357679804
1.3599090263363502,1.399586540623203,1.243424580723571,1.1931906635530607,1.1924626357679804,1.258713164210249
1.399586540623203,1.243424580723571,1.1931906635530607,1.1924626357679804,1.258713164210249,1.165525607720026
1.243424580723571,1.1931906635530607,1.1924626357679804,1.258713164210249,1.165525607720026,1.0432169398266082
1.1931906635530607,1.1924626357679804,1.258713164210249,1.165525607720026,1.0432169398266082,1.14295674638255
1.1924626357679804,1.258713164210249,1.165525607720026,1.0432169398266082,1.14295674638255,1.152421107588588
1.258713164210249,1.165525607720026,1.0432169398266082,1.14295674638255,1.152421107588588,1.1196598572599938
1.165525607720026,1.0432169398266082,1.14295674638255,1.152421107588588,1.1196598572599938,1.204111080329259
1.0432169398266082,1.14295674638255,1.152421107588588,1.1196598572599938,1.204111080329259,1.2543449974997696
1.14295674638255,1.152421107588588,1.1196598572599938,1.204111080329259,1.2543449974997696,1.2849221644731241
1.152421107588588,1.1196598572599938,1.204111080329259,1.2543449974997696,1.2849221644731241,1.332971998288395
1.1196598572599938,1.204111080329259,1.2543449974997696,1.2849221644731241,1.332971998288395,1.3038508868852
1.204111080329259,1.2543449974997696,1.2849221644731241,1.332971998288395,1.3038508868852,1.2805539977626448
1.2543449974997696,1.2849221644731241,1.332971998288395,1.3038508868852,1.2805539977626448,1.2958425812493213
1.2849221644731241,1.332971998288395,1.3038508868852,1.2805539977626448,1.2958425812493213,1.2048391081143381
1.332971998288395,1.3038508868852,1.2805539977626448,1.2958425812493213,1.2048391081143381,1.255801053069929
1.3038508868852,1.2805539977626448,1.2958425812493213,1.2048391081143381,1.255801053069929,1.314043275876318
1.2805539977626448,1.2958425812493213,1.2048391081143381,1.255801053069929,1.314043275876318,1.3089470813807595
1.2958425812493213,1.2048391081143381,1.255801053069929,1.314043275876318,1.3089470813807595,1.4683851663132497
1.2048391081143381,1.255801053069929,1.314043275876318,1.3089470813807595,1.4683851663132497,1.8192945587217453
1.255801053069929,1.314043275876318,1.3089470813807595,1.4683851663132497,1.8192945587217453,1.6780571684162506
1.314043275876318,1.3089470813807595,1.4683851663132497,1.8192945587217453,1.6780571684162506,1.640199723592098
1.3089470813807595,1.4683851663132497,1.8192945587217453,1.6780571684162506,1.640199723592098,1.6460239458727366
1.4683851663132497,1.8192945587217453,1.6780571684162506,1.640199723592098,1.6460239458727366,1.4902259998656455
1.8192945587217453,1.6780571684162506,1.640199723592098,1.6460239458727366,1.4902259998656455,1.5936059453469864
1.6780571684162506,1.640199723592098,1.6460239458727366,1.4902259998656455,1.5936059453469864,1.6161748066844626
1.640199723592098,1.6460239458727366,1.4902259998656455,1.5936059453469864,1.6161748066844626,1.4647450273878506
1.6460239458727366,1.4902259998656455,1.5936059453469864,1.6161748066844626,1.4647450273878506,1.3955823878052633
1.4902259998656455,1.5936059453469864,1.6161748066844626,1.4647450273878506,1.3955823878052633,1.4567367217519722
1.5936059453469864,1.6161748066844626,1.4647450273878506,1.3955823878052633,1.4567367217519722,1.5193471112688406
1.6161748066844626,1.4647450273878506,1.3955823878052633,1.4567367217519722,1.5193471112688406,1.4785775553043679
1.4647450273878506,1.3955823878052633,1.4567367217519722,1.5193471112688406,1.4785775553043679,1.5091547222777224
1.3955823878052633,1.4567367217519722,1.5193471112688406,1.4785775553043679,1.5091547222777224,1.491682055435806
1.4567367217519722,1.5193471112688406,1.4785775553043679,1.5091547222777224,1.491682055435806,1.6321914179562194
1.5193471112688406,1.4785775553043679,1.5091547222777224,1.491682055435806,1.6321914179562194,1.6678647794251324
1.4785775553043679,1.5091547222777224,1.491682055435806,1.6321914179562194,1.6678647794251324,1.7231948910912025
1.5091547222777224,1.491682055435806,1.6321914179562194,1.6678647794251324,1.7231948910912025,1.7581402247750364
1.491682055435806,1.6321914179562194,1.6678647794251324,1.7231948910912025,1.7581402247750364,1.7013540575388069
1.6321914179562194,1.6678647794251324,1.7231948910912025,1.7581402247750364,1.7013540575388069,1.7450357246435984
1.6678647794251324,1.7231948910912025,1.7581402247750364,1.7013540575388069,1.7450357246435984,1.766876558195994
1.7231948910912025,1.7581402247750364,1.7013540575388069,1.7450357246435984,1.766876558195994,1.6736890017057722
1.7581402247750364,1.7013540575388069,1.7450357246435984,1.766876558195994,1.6736890017057722,1.7828931694677521
1.7013540575388069,1.7450357246435984,1.766876558195994,1.6736890017057722,1.7828931694677521,1.814926392011266
1.7450357246435984,1.766876558195994,1.6736890017057722,1.7828931694677521,1.814926392011266,1.8367672255636618
1.766876558195994,1.6736890017057722,1.7828931694677521,1.814926392011266,1.8367672255636618,1.8746246703878144
1.6736890017057722,1.7828931694677521,1.814926392011266,1.8367672255636618,1.8746246703878144,1.8032779474499874
1.7828931694677521,1.814926392011266,1.8367672255636618,1.8746246703878144,1.8032779474499874,1.860064114686217
1.814926392011266,1.8367672255636618,1.8746246703878144,1.8032779474499874,1.860064114686217,1.8018218918798279
1.8367672255636618,1.8746246703878144,1.8032779474499874,1.860064114686217,1.8018218918798279,1.870256503677335
1.8746246703878144,1.8032779474499874,1.860064114686217,1.8018218918798279,1.870256503677335,1.7741568360467934
1.8032779474499874,1.860064114686217,1.8018218918798279,1.870256503677335,1.7741568360467934,1.7756128916169527
1.860064114686217,1.8018218918798279,1.870256503677335,1.7741568360467934,1.7756128916169527,1.9430592821853214
1.8018218918798279,1.870256503677335,1.7741568360467934,1.7756128916169527,1.9430592821853214,1.9139381707821275
1.870256503677335,1.7741568360467934,1.7756128916169527,1.9430592821853214,1.9139381707821275,1.9343229487643638
1.7741568360467934,1.7756128916169527,1.9430592821853214,1.9139381707821275,1.9343229487643638,1.8819049482386137
1.7756128916169527,1.9430592821853214,1.9139381707821275,1.9343229487643638,1.8819049482386137,1.983100810364715
1.9430592821853214,1.9139381707821275,1.9343229487643638,1.8819049482386137,1.983100810364715,2.0231423385441074
1.9139381707821275,1.9343229487643638,1.8819049482386137,1.983100810364715,2.0231423385441074,2.1498191731480034
1.9343229487643638,1.8819049482386137,1.983100810364715,2.0231423385441074,2.1498191731480034,2.123610172885128
1.8819049482386137,1.983100810364715,2.0231423385441074,2.1498191731480034,2.123610172885128,2.119242006174649
1.983100810364715,2.0231423385441074,2.1498191731480034,2.123610172885128,2.119242006174649,2.150547200933084
2.0231423385441074,2.1498191731480034,2.123610172885128,2.119242006174649,2.150547200933084,2.0915769503416146
2.1498191731480034,2.123610172885128,2.119242006174649,2.150547200933084,2.0915769503416146,2.1439949508673646
2.123610172885128,2.119242006174649,2.150547200933084,2.0915769503416146,2.1439949508673646,2.2240780072261495
2.119242006174649,2.150547200933084,2.0915769503416146,2.1439949508673646,2.2240780072261495,2.0682800612190584
2.150547200933084,2.0915769503416146,2.1439949508673646,2.2240780072261495,2.0682800612190584,2.077744422425097
2.0915769503416146,2.1439949508673646,2.2240780072261495,2.0682800612190584,2.077744422425097,2.1177859506044894
2.1439949508673646,2.2240780072261495,2.0682800612190584,2.077744422425097,2.1177859506044894,2.1687478955600805
2.2240780072261495,2.0682800612190584,2.077744422425097,2.1177859506044894,2.1687478955600805,2.1782122567661184
2.0682800612190584,2.077744422425097,2.1177859506044894,2.1687478955600805,2.1782122567661184,2.1884046457572364
2.077744422425097,2.1177859506044894,2.1687478955600805,2.1782122567661184,2.1884046457572364,2.044983172096503
2.1177859506044894,2.1687478955600805,2.1782122567661184,2.1884046457572364,2.044983172096503,2.1410828397270447
2.1687478955600805,2.1782122567661184,2.1884046457572364,2.044983172096503,2.1410828397270447,2.2167977293753514
2.1782122567661184,2.1884046457572364,2.044983172096503,2.1410828397270447,2.2167977293753514,2.381332008803401
2.1884046457572364,2.044983172096503,2.1410828397270447,2.2167977293753514,2.381332008803401,2.3886122866541992
2.044983172096503,2.1410828397270447,2.2167977293753514,2.381332008803401,2.3886122866541992,2.3289140082776507
2.1410828397270447,2.2167977293753514,2.381332008803401,2.3886122866541992,2.3289140082776507,2.38715623108404
2.2167977293753514,2.381332008803401,2.3886122866541992,2.3289140082776507,2.38715623108404,2.3798759532332405
2.381332008803401,2.3886122866541992,2.3289140082776507,2.38715623108404,2.3798759532332405,2.455590842881547
2.3886122866541992,2.3289140082776507,2.38715623108404,2.3798759532332405,2.455590842881547,2.4541347873113875
2.3289140082776507,2.38715623108404,2.3798759532332405,2.455590842881547,2.4541347873113875,2.5254815102492136
2.38715623108404,2.3798759532332405,2.455590842881547,2.4541347873113875,2.5254815102492136,2.506552787837138
2.3798759532332405,2.455590842881547,2.4541347873113875,2.5254815102492136,2.506552787837138,2.6128448444587975
2.455590842881547,2.4541347873113875,2.5254815102492136,2.506552787837138,2.6128448444587975,2.5677071217838456
2.4541347873113875,2.5254815102492136,2.506552787837138,2.6128448444587975,2.5677071217838456,2.591004010906402
2.5254815102492136,2.506552787837138,2.6128448444587975,2.5677071217838456,2.591004010906402,2.6448780670023115
2.506552787837138,2.6128448444587975,2.5677071217838456,2.591004010906402,2.6448780670023115,2.7249611233610973
2.6128448444587975,2.5677071217838456,2.591004010906402,2.6448780670023115,2.7249611233610973,2.7060324009490206
2.5677071217838456,2.591004010906402,2.6448780670023115,2.7249611233610973,2.7060324009490206,2.743889845773173
2.591004010906402,2.6448780670023115,2.7249611233610973,2.7060324009490206,2.743889845773173,2.81814867985132
2.6448780670023115,2.7249611233610973,2.7060324009490206,2.743889845773173,2.81814867985132,2.863286402526271
2.7249611233610973,2.7060324009490206,2.743889845773173,2.81814867985132,2.863286402526271,2.604108511037839
2.7060324009490206,2.743889845773173,2.81814867985132,2.863286402526271,2.604108511037839,2.5997403443273606
2.743889845773173,2.81814867985132,2.863286402526271,2.604108511037839,2.5997403443273606,2.464327176302506
2.81814867985132,2.863286402526271,2.604108511037839,2.5997403443273606,2.464327176302506,2.4759756208637835
2.863286402526271,2.604108511037839,2.5997403443273606,2.464327176302506,2.4759756208637835,2.4803437875742627
